--- Startup times for process: Primary (or UI client) ---

times in msec
 clock   self+sourced   self:  sourced script
 clock   elapsed:              other lines

000.001  000.001: --- NVIM STARTING ---
000.136  000.135: event init
000.199  000.062: early init
000.244  000.045: locale set
000.277  000.033: init first window
000.662  000.386: inits 1
000.674  000.012: window checked
000.677  000.003: parsing arguments
001.169  000.040  000.040: require('vim._core.shared')
001.236  000.003  000.003: require('string.buffer')
001.259  000.040  000.037: require('vim.inspect')
001.301  000.036  000.036: require('vim._core.options')
001.303  000.131  000.055: require('vim._core.editor')
001.341  000.037  000.037: require('vim._core.system')
001.342  000.236  000.029: require('vim._init_packages')
001.343  000.430: init lua interpreter
002.640  001.297: nvim_ui_attach
002.918  000.278: nvim_set_client_info
002.922  000.003: --- NVIM STARTED ---

--- Startup times for process: Embedded ---

times in msec
 clock   self+sourced   self:  sourced script
 clock   elapsed:              other lines

000.006  000.006: --- NVIM STARTING ---
000.131  000.125: event init
000.189  000.058: early init
000.232  000.043: locale set
000.262  000.031: init first window
000.612  000.350: inits 1
000.620  000.008: window checked
000.623  000.002: parsing arguments
001.057  000.054  000.054: require('vim._core.shared')
001.120  000.003  000.003: require('string.buffer')
001.142  000.039  000.036: require('vim.inspect')
001.183  000.035  000.035: require('vim._core.options')
001.185  000.125  000.052: require('vim._core.editor')
001.217  000.031  000.031: require('vim._core.system')
001.218  000.240  000.029: require('vim._init_packages')
001.219  000.357: init lua interpreter
001.255  000.036: expanding arguments
001.294  000.039: inits 2
001.518  000.224: init highlight
001.519  000.001: waiting for UI
001.625  000.106: done waiting for UI
001.630  000.005: clear screen
001.745  000.010  000.010: require('vim.keymap')
002.384  000.149  000.149: sourcing nvim_exec2()
002.409  000.008  000.008: require('vim._core.log')
003.164  001.532  001.365: require('vim._core.defaults')
003.166  000.004: init default mappings & autocommands
007.772  000.036  000.036: sourcing /nix/store/2pdgzyp8jb8qpnhip6jl0a3wr6asv70n-neovim-unwrapped-0.12.5/share/nvim/runtime/ftplugin.vim
007.880  000.018  000.018: sourcing /nix/store/2pdgzyp8jb8qpnhip6jl0a3wr6asv70n-neovim-unwrapped-0.12.5/share/nvim/runtime/indent.vim
008.516  000.145  000.145: require('user.config.options')
008.663  000.144  000.144: require('user.misc.qol')
008.717  000.053  000.053: require('user.config.keybinds')
009.500  000.095  000.095: require('lualine_require')
009.726  000.761  000.666: require('lualine')
009.966  000.009  000.009: sourcing nvim_exec2() called at /home/srs/.config/nvim/init.lua:0
010.750  000.331  000.331: require('lualine.highlight')
011.540  000.013  000.013: sourcing nvim_exec2() called at /home/srs/.config/nvim/init.lua:0
011.565  000.004  000.004: sourcing nvim_exec2() called at /home/srs/.config/nvim/init.lua:0
011.592  000.005  000.005: sourcing nvim_exec2() called at /home/srs/.config/nvim/init.lua:0
011.611  000.002  000.002: sourcing nvim_exec2() called at /home/srs/.config/nvim/init.lua:0
011.637  000.003  000.003: sourcing nvim_exec2() called at /home/srs/.config/nvim/init.lua:0
011.652  000.002  000.002: sourcing nvim_exec2() called at /home/srs/.config/nvim/init.lua:0
011.667  000.002  000.002: sourcing nvim_exec2() called at /home/srs/.config/nvim/init.lua:0
011.694  000.003  000.003: sourcing nvim_exec2() called at /home/srs/.config/nvim/init.lua:0
011.714  000.003  000.003: sourcing nvim_exec2() called at /home/srs/.config/nvim/init.lua:0
011.734  000.002  000.002: sourcing nvim_exec2() called at /home/srs/.config/nvim/init.lua:0
011.762  000.002  000.002: sourcing nvim_exec2() called at /home/srs/.config/nvim/init.lua:0
011.776  000.002  000.002: sourcing nvim_exec2() called at /home/srs/.config/nvim/init.lua:0
011.796  000.003  000.003: sourcing nvim_exec2() called at /home/srs/.config/nvim/init.lua:0
011.849  000.004  000.004: sourcing nvim_exec2() called at /home/srs/.config/nvim/init.lua:0
011.915  000.019  000.019: sourcing nvim_exec2() called at /home/srs/.config/nvim/init.lua:0
011.947  000.004  000.004: sourcing nvim_exec2() called at /home/srs/.config/nvim/init.lua:0
011.966  000.002  000.002: sourcing nvim_exec2() called at /home/srs/.config/nvim/init.lua:0
011.995  000.003  000.003: sourcing nvim_exec2() called at /home/srs/.config/nvim/init.lua:0
012.017  000.002  000.002: sourcing nvim_exec2() called at /home/srs/.config/nvim/init.lua:0
012.053  000.003  000.003: sourcing nvim_exec2() called at /home/srs/.config/nvim/init.lua:0
012.074  000.002  000.002: sourcing nvim_exec2() called at /home/srs/.config/nvim/init.lua:0
012.088  000.002  000.002: sourcing nvim_exec2() called at /home/srs/.config/nvim/init.lua:0
012.122  000.019  000.019: sourcing nvim_exec2() called at /home/srs/.config/nvim/init.lua:0
013.520  000.036  000.036: sourcing nvim_exec2() called at /home/srs/.config/nvim/init.lua:0
013.555  000.008  000.008: sourcing nvim_exec2() called at /home/srs/.config/nvim/init.lua:0
013.568  000.003  000.003: sourcing nvim_exec2() called at /home/srs/.config/nvim/init.lua:0
013.579  000.003  000.003: sourcing nvim_exec2() called at /home/srs/.config/nvim/init.lua:0
013.592  000.003  000.003: sourcing nvim_exec2() called at /home/srs/.config/nvim/init.lua:0
013.606  000.005  000.005: sourcing nvim_exec2() called at /home/srs/.config/nvim/init.lua:0
013.619  000.003  000.003: sourcing nvim_exec2() called at /home/srs/.config/nvim/init.lua:0
013.643  000.004  000.004: sourcing nvim_exec2() called at /home/srs/.config/nvim/init.lua:0
013.653  000.004  000.004: sourcing nvim_exec2() called at /home/srs/.config/nvim/init.lua:0
013.668  000.003  000.003: sourcing nvim_exec2() called at /home/srs/.config/nvim/init.lua:0
013.675  000.003  000.003: sourcing nvim_exec2() called at /home/srs/.config/nvim/init.lua:0
013.687  000.003  000.003: sourcing nvim_exec2() called at /home/srs/.config/nvim/init.lua:0
013.781  000.039  000.039: sourcing nvim_exec2() called at /home/srs/.config/nvim/init.lua:0
013.805  000.019  000.019: sourcing nvim_exec2() called at /home/srs/.config/nvim/init.lua:0
013.844  000.004  000.004: sourcing nvim_exec2() called at /home/srs/.config/nvim/init.lua:0
013.852  000.002  000.002: sourcing nvim_exec2() called at /home/srs/.config/nvim/init.lua:0
013.857  000.002  000.002: sourcing nvim_exec2() called at /home/srs/.config/nvim/init.lua:0
013.863  000.002  000.002: sourcing nvim_exec2() called at /home/srs/.config/nvim/init.lua:0
013.869  000.002  000.002: sourcing nvim_exec2() called at /home/srs/.config/nvim/init.lua:0
013.875  000.002  000.002: sourcing nvim_exec2() called at /home/srs/.config/nvim/init.lua:0
013.880  000.002  000.002: sourcing nvim_exec2() called at /home/srs/.config/nvim/init.lua:0
013.889  000.002  000.002: sourcing nvim_exec2() called at /home/srs/.config/nvim/init.lua:0
013.916  000.002  000.002: sourcing nvim_exec2() called at /home/srs/.config/nvim/init.lua:0
013.922  000.002  000.002: sourcing nvim_exec2() called at /home/srs/.config/nvim/init.lua:0
013.928  000.002  000.002: sourcing nvim_exec2() called at /home/srs/.config/nvim/init.lua:0
013.934  000.002  000.002: sourcing nvim_exec2() called at /home/srs/.config/nvim/init.lua:0
013.939  000.002  000.002: sourcing nvim_exec2() called at /home/srs/.config/nvim/init.lua:0
013.945  000.002  000.002: sourcing nvim_exec2() called at /home/srs/.config/nvim/init.lua:0
014.260  000.122  000.122: require('lualine.utils.mode')
014.719  000.016  000.016: sourcing nvim_exec2() called at /home/srs/.config/nvim/init.lua:0
014.735  000.007  000.007: sourcing nvim_exec2() called at /home/srs/.config/nvim/init.lua:0
015.130  000.010  000.010: sourcing nvim_exec2() called at /home/srs/.config/nvim/init.lua:0
015.174  000.036  000.036: sourcing nvim_exec2() called at /home/srs/.config/nvim/init.lua:0
015.182  000.003  000.003: sourcing nvim_exec2() called at /home/srs/.config/nvim/init.lua:0
015.188  000.002  000.002: sourcing nvim_exec2() called at /home/srs/.config/nvim/init.lua:0
015.194  000.002  000.002: sourcing nvim_exec2() called at /home/srs/.config/nvim/init.lua:0
015.199  000.002  000.002: sourcing nvim_exec2() called at /home/srs/.config/nvim/init.lua:0
015.205  000.002  000.002: sourcing nvim_exec2() called at /home/srs/.config/nvim/init.lua:0
015.212  000.002  000.002: sourcing nvim_exec2() called at /home/srs/.config/nvim/init.lua:0
015.218  000.002  000.002: sourcing nvim_exec2() called at /home/srs/.config/nvim/init.lua:0
015.222  000.002  000.002: sourcing nvim_exec2() called at /home/srs/.config/nvim/init.lua:0
015.228  000.002  000.002: sourcing nvim_exec2() called at /home/srs/.config/nvim/init.lua:0
015.232  000.002  000.002: sourcing nvim_exec2() called at /home/srs/.config/nvim/init.lua:0
015.237  000.002  000.002: sourcing nvim_exec2() called at /home/srs/.config/nvim/init.lua:0
015.242  000.002  000.002: sourcing nvim_exec2() called at /home/srs/.config/nvim/init.lua:0
015.321  000.004  000.004: sourcing nvim_exec2() called at /home/srs/.config/nvim/init.lua:0
015.331  000.002  000.002: sourcing nvim_exec2() called at /home/srs/.config/nvim/init.lua:0
015.352  000.002  000.002: sourcing nvim_exec2() called at /home/srs/.config/nvim/init.lua:0
015.357  000.002  000.002: sourcing nvim_exec2() called at /home/srs/.config/nvim/init.lua:0
015.362  000.002  000.002: sourcing nvim_exec2() called at /home/srs/.config/nvim/init.lua:0
015.367  000.002  000.002: sourcing nvim_exec2() called at /home/srs/.config/nvim/init.lua:0
015.372  000.002  000.002: sourcing nvim_exec2() called at /home/srs/.config/nvim/init.lua:0
015.503  000.008  000.008: sourcing nvim_exec2() called at /home/srs/.config/nvim/init.lua:0
015.510  000.002  000.002: sourcing nvim_exec2() called at /home/srs/.config/nvim/init.lua:0
015.532  000.003  000.003: sourcing nvim_exec2() called at /home/srs/.config/nvim/init.lua:0
015.538  000.004  000.004: sourcing nvim_exec2() called at /home/srs/.config/nvim/init.lua:0
015.623  000.010  000.010: sourcing nvim_exec2() called at /home/srs/.config/nvim/init.lua:0
015.655  000.005  000.005: sourcing nvim_exec2() called at /home/srs/.config/nvim/init.lua:0
015.670  000.011  000.011: sourcing nvim_exec2() called at /home/srs/.config/nvim/init.lua:0
015.678  000.004  000.004: sourcing nvim_exec2() called at /home/srs/.config/nvim/init.lua:0
015.684  000.003  000.003: sourcing nvim_exec2() called at /home/srs/.config/nvim/init.lua:0
015.691  006.972  005.322: require('user.config.lualine')
015.830  000.133  000.133: require('rainbow-delimiters')
016.051  000.214  000.214: require('snacks')
016.393  000.290  000.290: require('telescope.builtin')
016.612  000.099  000.099: require('telescope._extensions')
016.616  000.221  000.122: require('telescope')
017.946  000.310  000.310: require('plenary.bit')
018.073  000.125  000.125: require('plenary.functional')
018.092  000.010  000.010: require('ffi')
018.125  001.045  000.600: require('plenary.path')
018.138  001.224  000.179: require('plenary.strings')
018.826  000.005  000.005: require('vim.F')
018.847  000.232  000.227: require('plenary.log')
018.903  000.357  000.125: require('telescope.log')
019.889  000.067  000.067: require('plenary.compat')
019.903  000.447  000.380: require('plenary.job')
020.010  000.106  000.106: require('telescope.state')
020.027  001.121  000.569: require('telescope.utils')
020.033  001.894  000.416: require('telescope.sorters')
021.668  005.049  001.931: require('telescope.config')
022.731  000.187  000.187: require('fzf_lib')
022.737  000.385  000.198: require('telescope._extensions.fzf')
022.869  000.072  000.072: require('nvim-treesitter')
023.019  000.020  000.020: require('vim.fs')
023.028  000.157  000.137: require('nvim-treesitter.config')
023.505  000.417  000.417: require('mini.pairs')
024.733  000.519  000.519: require('mini.hipatterns')
025.293  000.478  000.478: require('mini.notify')
025.942  000.531  000.531: require('conform')
026.124  000.162  000.162: require('gitsigns')
026.446  000.268  000.268: require('gitsigns.config')
026.894  000.350  000.350: require('gitsigns.highlight')
027.143  000.210  000.210: require('gitsigns.debug.log')
027.570  000.089  000.089: require('gitsigns.debounce')
027.738  000.155  000.155: require('mini.trailspace')
030.174  001.244  001.244: require('vim.lsp.protocol')
030.241  001.614  000.370: require('vim.lsp.log')
031.932  000.008  000.008: require('vim._core.util')
031.953  001.705  001.697: require('vim.lsp.util')
032.561  000.244  000.244: require('vim.lsp.sync')
032.567  000.612  000.368: require('vim.lsp._changetracking')
033.192  000.195  000.195: require('vim.lsp._transport')
033.202  000.007  000.007: require('vim._core.stringbuffer')
033.259  000.690  000.488: require('vim.lsp.rpc')
033.353  005.546  000.925: require('vim.lsp')
035.996  002.108  002.108: require('vim.diagnostic')
036.279  000.278  000.278: require('blink.cmp')
036.473  000.061  000.061: require('blink.cmp.config.utils')
036.550  000.075  000.075: require('blink.cmp.config.keymap')
036.632  000.032  000.032: require('blink.cmp.config.completion.keyword')
036.684  000.051  000.051: require('blink.cmp.config.completion.trigger')
036.729  000.043  000.043: require('blink.cmp.config.completion.list')
036.787  000.056  000.056: require('blink.cmp.config.completion.accept')
036.950  000.161  000.161: require('blink.cmp.config.completion.menu')
037.030  000.078  000.078: require('blink.cmp.config.completion.documentation')
037.068  000.036  000.036: require('blink.cmp.config.completion.ghost_text')
037.070  000.518  000.060: require('blink.cmp.config.completion')
037.163  000.091  000.091: require('blink.cmp.config.fuzzy')
037.253  000.088  000.088: require('blink.cmp.config.sources')
037.330  000.076  000.076: require('blink.cmp.config.signature')
037.427  000.095  000.095: require('blink.cmp.config.snippets')
037.476  000.047  000.047: require('blink.cmp.config.appearance')
037.516  000.038  000.038: require('blink.cmp.config.modes.cmdline')
037.550  000.032  000.032: require('blink.cmp.config.modes.term')
037.553  001.267  000.146: require('blink.cmp.config')
038.451  000.086  000.086: require('blink.cmp.config.modes.types')
038.982  000.177  000.177: require('blink.cmp.lib.async')
039.441  000.175  000.175: require('blink.cmp.lib.utils')
039.564  000.120  000.120: require('blink.cmp.fuzzy.download.system')
039.699  000.610  000.314: require('blink.cmp.fuzzy.download.files')
039.702  000.717  000.107: require('blink.cmp.fuzzy.download.git')
039.705  001.090  000.196: require('blink.cmp.fuzzy.download')
041.956  000.147  000.147: require('trouble')
042.361  000.399  000.399: require('trouble.config')
042.848  000.279  000.279: require('trouble.util')
042.851  000.438  000.159: require('trouble.config.highlights')
043.663  000.111  000.111: require('trouble.cache')
043.911  000.244  000.244: require('trouble.format')
044.055  000.142  000.142: require('trouble.view.indent')
044.277  000.219  000.219: require('trouble.view.text')
044.283  000.950  000.233: require('trouble.view.render')
044.286  001.130  000.180: require('trouble.view.preview')
044.289  001.274  000.144: require('trouble.view.main')
044.527  000.134  000.134: require('neo-tree')
044.809  000.277  000.277: require('neo-tree.log')
045.117  000.113  000.113: require('transparent.config')
045.240  000.120  000.120: require('transparent.cache')
045.274  000.433  000.200: require('transparent')
045.324  037.289  006.800: require('user')
047.321  001.994  001.994: require('mini.base16')
047.382  000.020  000.020: sourcing nvim_exec2() called at /home/srs/.config/nvim/init.lua:0
047.391  000.003  000.003: sourcing nvim_exec2() called at /home/srs/.config/nvim/init.lua:0
047.397  000.003  000.003: sourcing nvim_exec2() called at /home/srs/.config/nvim/init.lua:0
047.402  000.003  000.003: sourcing nvim_exec2() called at /home/srs/.config/nvim/init.lua:0
047.407  000.002  000.002: sourcing nvim_exec2() called at /home/srs/.config/nvim/init.lua:0
047.411  000.002  000.002: sourcing nvim_exec2() called at /home/srs/.config/nvim/init.lua:0
047.415  000.002  000.002: sourcing nvim_exec2() called at /home/srs/.config/nvim/init.lua:0
047.469  000.003  000.003: sourcing nvim_exec2() called at /home/srs/.config/nvim/init.lua:0
047.475  000.003  000.003: sourcing nvim_exec2() called at /home/srs/.config/nvim/init.lua:0
047.480  000.002  000.002: sourcing nvim_exec2() called at /home/srs/.config/nvim/init.lua:0
047.484  000.002  000.002: sourcing nvim_exec2() called at /home/srs/.config/nvim/init.lua:0
047.488  000.002  000.002: sourcing nvim_exec2() called at /home/srs/.config/nvim/init.lua:0
047.498  000.008  000.008: sourcing nvim_exec2() called at /home/srs/.config/nvim/init.lua:0
047.503  000.002  000.002: sourcing nvim_exec2() called at /home/srs/.config/nvim/init.lua:0
047.507  000.002  000.002: sourcing nvim_exec2() called at /home/srs/.config/nvim/init.lua:0
047.512  000.002  000.002: sourcing nvim_exec2() called at /home/srs/.config/nvim/init.lua:0
047.516  000.002  000.002: sourcing nvim_exec2() called at /home/srs/.config/nvim/init.lua:0
047.587  000.005  000.005: sourcing nvim_exec2() called at /home/srs/.config/nvim/init.lua:0
047.592  000.002  000.002: sourcing nvim_exec2() called at /home/srs/.config/nvim/init.lua:0
047.622  000.003  000.003: sourcing nvim_exec2() called at /home/srs/.config/nvim/init.lua:0
047.627  000.002  000.002: sourcing nvim_exec2() called at /home/srs/.config/nvim/init.lua:0
047.631  000.002  000.002: sourcing nvim_exec2() called at /home/srs/.config/nvim/init.lua:0
047.635  000.002  000.002: sourcing nvim_exec2() called at /home/srs/.config/nvim/init.lua:0
047.639  000.002  000.002: sourcing nvim_exec2() called at /home/srs/.config/nvim/init.lua:0
047.643  000.002  000.002: sourcing nvim_exec2() called at /home/srs/.config/nvim/init.lua:0
047.647  000.002  000.002: sourcing nvim_exec2() called at /home/srs/.config/nvim/init.lua:0
047.651  000.002  000.002: sourcing nvim_exec2() called at /home/srs/.config/nvim/init.lua:0
047.656  000.004  000.004: sourcing nvim_exec2() called at /home/srs/.config/nvim/init.lua:0
047.686  000.003  000.003: sourcing nvim_exec2() called at /home/srs/.config/nvim/init.lua:0
047.690  000.002  000.002: sourcing nvim_exec2() called at /home/srs/.config/nvim/init.lua:0
047.694  000.001  000.001: sourcing nvim_exec2() called at /home/srs/.config/nvim/init.lua:0
047.727  000.003  000.003: sourcing nvim_exec2() called at /home/srs/.config/nvim/init.lua:0
047.732  000.002  000.002: sourcing nvim_exec2() called at /home/srs/.config/nvim/init.lua:0
047.777  000.043  000.043: sourcing nvim_exec2() called at /home/srs/.config/nvim/init.lua:0
047.811  000.003  000.003: sourcing nvim_exec2() called at /home/srs/.config/nvim/init.lua:0
047.815  000.002  000.002: sourcing nvim_exec2() called at /home/srs/.config/nvim/init.lua:0
047.819  000.002  000.002: sourcing nvim_exec2() called at /home/srs/.config/nvim/init.lua:0
047.823  000.002  000.002: sourcing nvim_exec2() called at /home/srs/.config/nvim/init.lua:0
047.827  000.001  000.001: sourcing nvim_exec2() called at /home/srs/.config/nvim/init.lua:0
047.830  000.001  000.001: sourcing nvim_exec2() called at /home/srs/.config/nvim/init.lua:0
047.833  000.001  000.001: sourcing nvim_exec2() called at /home/srs/.config/nvim/init.lua:0
047.836  000.001  000.001: sourcing nvim_exec2() called at /home/srs/.config/nvim/init.lua:0
047.841  000.002  000.002: sourcing nvim_exec2() called at /home/srs/.config/nvim/init.lua:0
047.845  000.002  000.002: sourcing nvim_exec2() called at /home/srs/.config/nvim/init.lua:0
047.849  000.002  000.002: sourcing nvim_exec2() called at /home/srs/.config/nvim/init.lua:0
047.854  000.002  000.002: sourcing nvim_exec2() called at /home/srs/.config/nvim/init.lua:0
047.860  000.005  000.005: sourcing nvim_exec2() called at /home/srs/.config/nvim/init.lua:0
047.864  000.002  000.002: sourcing nvim_exec2() called at /home/srs/.config/nvim/init.lua:0
047.868  000.002  000.002: sourcing nvim_exec2() called at /home/srs/.config/nvim/init.lua:0
047.872  000.002  000.002: sourcing nvim_exec2() called at /home/srs/.config/nvim/init.lua:0
047.875  000.002  000.002: sourcing nvim_exec2() called at /home/srs/.config/nvim/init.lua:0
047.879  000.002  000.002: sourcing nvim_exec2() called at /home/srs/.config/nvim/init.lua:0
047.884  000.002  000.002: sourcing nvim_exec2() called at /home/srs/.config/nvim/init.lua:0
047.888  000.002  000.002: sourcing nvim_exec2() called at /home/srs/.config/nvim/init.lua:0
047.921  000.003  000.003: sourcing nvim_exec2() called at /home/srs/.config/nvim/init.lua:0
047.926  000.002  000.002: sourcing nvim_exec2() called at /home/srs/.config/nvim/init.lua:0
047.956  000.003  000.003: sourcing nvim_exec2() called at /home/srs/.config/nvim/init.lua:0
047.961  000.003  000.003: sourcing nvim_exec2() called at /home/srs/.config/nvim/init.lua:0
047.965  000.001  000.001: sourcing nvim_exec2() called at /home/srs/.config/nvim/init.lua:0
047.968  000.001  000.001: sourcing nvim_exec2() called at /home/srs/.config/nvim/init.lua:0
047.972  000.002  000.002: sourcing nvim_exec2() called at /home/srs/.config/nvim/init.lua:0
047.975  000.002  000.002: sourcing nvim_exec2() called at /home/srs/.config/nvim/init.lua:0
047.979  000.002  000.002: sourcing nvim_exec2() called at /home/srs/.config/nvim/init.lua:0
048.028  000.003  000.003: sourcing nvim_exec2() called at /home/srs/.config/nvim/init.lua:0
048.033  000.002  000.002: sourcing nvim_exec2() called at /home/srs/.config/nvim/init.lua:0
048.038  000.003  000.003: sourcing nvim_exec2() called at /home/srs/.config/nvim/init.lua:0
048.042  000.002  000.002: sourcing nvim_exec2() called at /home/srs/.config/nvim/init.lua:0
048.045  000.002  000.002: sourcing nvim_exec2() called at /home/srs/.config/nvim/init.lua:0
048.049  000.002  000.002: sourcing nvim_exec2() called at /home/srs/.config/nvim/init.lua:0
048.053  000.002  000.002: sourcing nvim_exec2() called at /home/srs/.config/nvim/init.lua:0
048.056  000.002  000.002: sourcing nvim_exec2() called at /home/srs/.config/nvim/init.lua:0
048.059  000.002  000.002: sourcing nvim_exec2() called at /home/srs/.config/nvim/init.lua:0
048.088  000.003  000.003: sourcing nvim_exec2() called at /home/srs/.config/nvim/init.lua:0
048.093  000.002  000.002: sourcing nvim_exec2() called at /home/srs/.config/nvim/init.lua:0
048.096  000.002  000.002: sourcing nvim_exec2() called at /home/srs/.config/nvim/init.lua:0
048.100  000.002  000.002: sourcing nvim_exec2() called at /home/srs/.config/nvim/init.lua:0
048.103  000.002  000.002: sourcing nvim_exec2() called at /home/srs/.config/nvim/init.lua:0
048.106  000.002  000.002: sourcing nvim_exec2() called at /home/srs/.config/nvim/init.lua:0
048.110  000.002  000.002: sourcing nvim_exec2() called at /home/srs/.config/nvim/init.lua:0
048.113  000.002  000.002: sourcing nvim_exec2() called at /home/srs/.config/nvim/init.lua:0
048.118  000.002  000.002: sourcing nvim_exec2() called at /home/srs/.config/nvim/init.lua:0
048.122  000.002  000.002: sourcing nvim_exec2() called at /home/srs/.config/nvim/init.lua:0
048.125  000.001  000.001: sourcing nvim_exec2() called at /home/srs/.config/nvim/init.lua:0
048.128  000.002  000.002: sourcing nvim_exec2() called at /home/srs/.config/nvim/init.lua:0
048.139  000.009  000.009: sourcing nvim_exec2() called at /home/srs/.config/nvim/init.lua:0
048.143  000.002  000.002: sourcing nvim_exec2() called at /home/srs/.config/nvim/init.lua:0
048.146  000.002  000.002: sourcing nvim_exec2() called at /home/srs/.config/nvim/init.lua:0
048.169  000.002  000.002: sourcing nvim_exec2() called at /home/srs/.config/nvim/init.lua:0
048.174  000.002  000.002: sourcing nvim_exec2() called at /home/srs/.config/nvim/init.lua:0
048.180  000.002  000.002: sourcing nvim_exec2() called at /home/srs/.config/nvim/init.lua:0
048.183  000.002  000.002: sourcing nvim_exec2() called at /home/srs/.config/nvim/init.lua:0
048.186  000.001  000.001: sourcing nvim_exec2() called at /home/srs/.config/nvim/init.lua:0
048.190  000.002  000.002: sourcing nvim_exec2() called at /home/srs/.config/nvim/init.lua:0
048.193  000.001  000.001: sourcing nvim_exec2() called at /home/srs/.config/nvim/init.lua:0
048.196  000.002  000.002: sourcing nvim_exec2() called at /home/srs/.config/nvim/init.lua:0
048.200  000.002  000.002: sourcing nvim_exec2() called at /home/srs/.config/nvim/init.lua:0
048.203  000.001  000.001: sourcing nvim_exec2() called at /home/srs/.config/nvim/init.lua:0
048.225  000.003  000.003: sourcing nvim_exec2() called at /home/srs/.config/nvim/init.lua:0
048.229  000.002  000.002: sourcing nvim_exec2() called at /home/srs/.config/nvim/init.lua:0
048.233  000.002  000.002: sourcing nvim_exec2() called at /home/srs/.config/nvim/init.lua:0
048.236  000.002  000.002: sourcing nvim_exec2() called at /home/srs/.config/nvim/init.lua:0
048.239  000.002  000.002: sourcing nvim_exec2() called at /home/srs/.config/nvim/init.lua:0
048.243  000.002  000.002: sourcing nvim_exec2() called at /home/srs/.config/nvim/init.lua:0
048.246  000.002  000.002: sourcing nvim_exec2() called at /home/srs/.config/nvim/init.lua:0
048.249  000.002  000.002: sourcing nvim_exec2() called at /home/srs/.config/nvim/init.lua:0
048.272  000.007  000.007: sourcing nvim_exec2() called at /home/srs/.config/nvim/init.lua:0
048.279  000.002  000.002: sourcing nvim_exec2() called at /home/srs/.config/nvim/init.lua:0
048.313  000.003  000.003: sourcing nvim_exec2() called at /home/srs/.config/nvim/init.lua:0
048.317  000.002  000.002: sourcing nvim_exec2() called at /home/srs/.config/nvim/init.lua:0
048.321  000.001  000.001: sourcing nvim_exec2() called at /home/srs/.config/nvim/init.lua:0
048.326  000.002  000.002: sourcing nvim_exec2() called at /home/srs/.config/nvim/init.lua:0
048.330  000.002  000.002: sourcing nvim_exec2() called at /home/srs/.config/nvim/init.lua:0
048.334  000.002  000.002: sourcing nvim_exec2() called at /home/srs/.config/nvim/init.lua:0
048.338  000.002  000.002: sourcing nvim_exec2() called at /home/srs/.config/nvim/init.lua:0
048.344  000.002  000.002: sourcing nvim_exec2() called at /home/srs/.config/nvim/init.lua:0
048.348  000.002  000.002: sourcing nvim_exec2() called at /home/srs/.config/nvim/init.lua:0
048.351  000.002  000.002: sourcing nvim_exec2() called at /home/srs/.config/nvim/init.lua:0
048.355  000.002  000.002: sourcing nvim_exec2() called at /home/srs/.config/nvim/init.lua:0
048.358  000.002  000.002: sourcing nvim_exec2() called at /home/srs/.config/nvim/init.lua:0
048.361  000.002  000.002: sourcing nvim_exec2() called at /home/srs/.config/nvim/init.lua:0
048.365  000.002  000.002: sourcing nvim_exec2() called at /home/srs/.config/nvim/init.lua:0
048.388  000.003  000.003: sourcing nvim_exec2() called at /home/srs/.config/nvim/init.lua:0
048.395  000.003  000.003: sourcing nvim_exec2() called at /home/srs/.config/nvim/init.lua:0
048.400  000.002  000.002: sourcing nvim_exec2() called at /home/srs/.config/nvim/init.lua:0
048.430  000.002  000.002: sourcing nvim_exec2() called at /home/srs/.config/nvim/init.lua:0
048.437  000.004  000.004: sourcing nvim_exec2() called at /home/srs/.config/nvim/init.lua:0
048.441  000.002  000.002: sourcing nvim_exec2() called at /home/srs/.config/nvim/init.lua:0
048.445  000.002  000.002: sourcing nvim_exec2() called at /home/srs/.config/nvim/init.lua:0
048.448  000.002  000.002: sourcing nvim_exec2() called at /home/srs/.config/nvim/init.lua:0
048.451  000.001  000.001: sourcing nvim_exec2() called at /home/srs/.config/nvim/init.lua:0
048.473  000.003  000.003: sourcing nvim_exec2() called at /home/srs/.config/nvim/init.lua:0
048.477  000.002  000.002: sourcing nvim_exec2() called at /home/srs/.config/nvim/init.lua:0
048.483  000.002  000.002: sourcing nvim_exec2() called at /home/srs/.config/nvim/init.lua:0
048.486  000.001  000.001: sourcing nvim_exec2() called at /home/srs/.config/nvim/init.lua:0
048.489  000.001  000.001: sourcing nvim_exec2() called at /home/srs/.config/nvim/init.lua:0
048.492  000.001  000.001: sourcing nvim_exec2() called at /home/srs/.config/nvim/init.lua:0
048.496  000.002  000.002: sourcing nvim_exec2() called at /home/srs/.config/nvim/init.lua:0
048.499  000.002  000.002: sourcing nvim_exec2() called at /home/srs/.config/nvim/init.lua:0
048.503  000.002  000.002: sourcing nvim_exec2() called at /home/srs/.config/nvim/init.lua:0
048.506  000.002  000.002: sourcing nvim_exec2() called at /home/srs/.config/nvim/init.lua:0
048.510  000.002  000.002: sourcing nvim_exec2() called at /home/srs/.config/nvim/init.lua:0
048.531  000.003  000.003: sourcing nvim_exec2() called at /home/srs/.config/nvim/init.lua:0
048.537  000.002  000.002: sourcing nvim_exec2() called at /home/srs/.config/nvim/init.lua:0
048.541  000.002  000.002: sourcing nvim_exec2() called at /home/srs/.config/nvim/init.lua:0
048.563  000.003  000.003: sourcing nvim_exec2() called at /home/srs/.config/nvim/init.lua:0
048.567  000.002  000.002: sourcing nvim_exec2() called at /home/srs/.config/nvim/init.lua:0
048.571  000.002  000.002: sourcing nvim_exec2() called at /home/srs/.config/nvim/init.lua:0
048.574  000.001  000.001: sourcing nvim_exec2() called at /home/srs/.config/nvim/init.lua:0
048.577  000.001  000.001: sourcing nvim_exec2() called at /home/srs/.config/nvim/init.lua:0
048.581  000.001  000.001: sourcing nvim_exec2() called at /home/srs/.config/nvim/init.lua:0
048.584  000.001  000.001: sourcing nvim_exec2() called at /home/srs/.config/nvim/init.lua:0
048.587  000.001  000.001: sourcing nvim_exec2() called at /home/srs/.config/nvim/init.lua:0
048.591  000.003  000.003: sourcing nvim_exec2() called at /home/srs/.config/nvim/init.lua:0
048.595  000.002  000.002: sourcing nvim_exec2() called at /home/srs/.config/nvim/init.lua:0
048.599  000.002  000.002: sourcing nvim_exec2() called at /home/srs/.config/nvim/init.lua:0
048.603  000.002  000.002: sourcing nvim_exec2() called at /home/srs/.config/nvim/init.lua:0
048.607  000.002  000.002: sourcing nvim_exec2() called at /home/srs/.config/nvim/init.lua:0
048.610  000.002  000.002: sourcing nvim_exec2() called at /home/srs/.config/nvim/init.lua:0
048.613  000.001  000.001: sourcing nvim_exec2() called at /home/srs/.config/nvim/init.lua:0
048.630  000.002  000.002: sourcing nvim_exec2() called at /home/srs/.config/nvim/init.lua:0
048.634  000.001  000.001: sourcing nvim_exec2() called at /home/srs/.config/nvim/init.lua:0
048.637  000.001  000.001: sourcing nvim_exec2() called at /home/srs/.config/nvim/init.lua:0
048.640  000.001  000.001: sourcing nvim_exec2() called at /home/srs/.config/nvim/init.lua:0
048.642  000.001  000.001: sourcing nvim_exec2() called at /home/srs/.config/nvim/init.lua:0
048.645  000.001  000.001: sourcing nvim_exec2() called at /home/srs/.config/nvim/init.lua:0
048.650  000.004  000.004: sourcing nvim_exec2() called at /home/srs/.config/nvim/init.lua:0
048.654  000.002  000.002: sourcing nvim_exec2() called at /home/srs/.config/nvim/init.lua:0
048.659  000.003  000.003: sourcing nvim_exec2() called at /home/srs/.config/nvim/init.lua:0
048.664  000.002  000.002: sourcing nvim_exec2() called at /home/srs/.config/nvim/init.lua:0
048.668  000.002  000.002: sourcing nvim_exec2() called at /home/srs/.config/nvim/init.lua:0
048.671  000.002  000.002: sourcing nvim_exec2() called at /home/srs/.config/nvim/init.lua:0
048.675  000.002  000.002: sourcing nvim_exec2() called at /home/srs/.config/nvim/init.lua:0
048.679  000.002  000.002: sourcing nvim_exec2() called at /home/srs/.config/nvim/init.lua:0
048.682  000.002  000.002: sourcing nvim_exec2() called at /home/srs/.config/nvim/init.lua:0
048.699  000.003  000.003: sourcing nvim_exec2() called at /home/srs/.config/nvim/init.lua:0
048.704  000.002  000.002: sourcing nvim_exec2() called at /home/srs/.config/nvim/init.lua:0
048.708  000.002  000.002: sourcing nvim_exec2() called at /home/srs/.config/nvim/init.lua:0
048.713  000.002  000.002: sourcing nvim_exec2() called at /home/srs/.config/nvim/init.lua:0
048.717  000.002  000.002: sourcing nvim_exec2() called at /home/srs/.config/nvim/init.lua:0
048.720  000.002  000.002: sourcing nvim_exec2() called at /home/srs/.config/nvim/init.lua:0
048.726  000.001  000.001: sourcing nvim_exec2() called at /home/srs/.config/nvim/init.lua:0
048.729  000.001  000.001: sourcing nvim_exec2() called at /home/srs/.config/nvim/init.lua:0
048.732  000.001  000.001: sourcing nvim_exec2() called at /home/srs/.config/nvim/init.lua:0
048.746  000.002  000.002: sourcing nvim_exec2() called at /home/srs/.config/nvim/init.lua:0
048.750  000.001  000.001: sourcing nvim_exec2() called at /home/srs/.config/nvim/init.lua:0
048.752  000.001  000.001: sourcing nvim_exec2() called at /home/srs/.config/nvim/init.lua:0
048.755  000.001  000.001: sourcing nvim_exec2() called at /home/srs/.config/nvim/init.lua:0
048.760  000.001  000.001: sourcing nvim_exec2() called at /home/srs/.config/nvim/init.lua:0
048.763  000.001  000.001: sourcing nvim_exec2() called at /home/srs/.config/nvim/init.lua:0
048.766  000.001  000.001: sourcing nvim_exec2() called at /home/srs/.config/nvim/init.lua:0
048.769  000.001  000.001: sourcing nvim_exec2() called at /home/srs/.config/nvim/init.lua:0
048.773  000.002  000.002: sourcing nvim_exec2() called at /home/srs/.config/nvim/init.lua:0
048.776  000.001  000.001: sourcing nvim_exec2() called at /home/srs/.config/nvim/init.lua:0
048.795  000.003  000.003: sourcing nvim_exec2() called at /home/srs/.config/nvim/init.lua:0
048.799  000.001  000.001: sourcing nvim_exec2() called at /home/srs/.config/nvim/init.lua:0
048.819  000.002  000.002: sourcing nvim_exec2() called at /home/srs/.config/nvim/init.lua:0
048.823  000.002  000.002: sourcing nvim_exec2() called at /home/srs/.config/nvim/init.lua:0
048.828  000.001  000.001: sourcing nvim_exec2() called at /home/srs/.config/nvim/init.lua:0
048.831  000.001  000.001: sourcing nvim_exec2() called at /home/srs/.config/nvim/init.lua:0
048.834  000.002  000.002: sourcing nvim_exec2() called at /home/srs/.config/nvim/init.lua:0
048.837  000.001  000.001: sourcing nvim_exec2() called at /home/srs/.config/nvim/init.lua:0
048.844  000.004  000.004: sourcing nvim_exec2() called at /home/srs/.config/nvim/init.lua:0
048.847  000.001  000.001: sourcing nvim_exec2() called at /home/srs/.config/nvim/init.lua:0
048.850  000.001  000.001: sourcing nvim_exec2() called at /home/srs/.config/nvim/init.lua:0
048.852  000.001  000.001: sourcing nvim_exec2() called at /home/srs/.config/nvim/init.lua:0
048.855  000.001  000.001: sourcing nvim_exec2() called at /home/srs/.config/nvim/init.lua:0
048.873  000.002  000.002: sourcing nvim_exec2() called at /home/srs/.config/nvim/init.lua:0
048.881  000.003  000.003: sourcing nvim_exec2() called at /home/srs/.config/nvim/init.lua:0
048.884  000.002  000.002: sourcing nvim_exec2() called at /home/srs/.config/nvim/init.lua:0
048.887  000.001  000.001: sourcing nvim_exec2() called at /home/srs/.config/nvim/init.lua:0
048.944  000.055  000.055: sourcing nvim_exec2() called at /home/srs/.config/nvim/init.lua:0
048.951  000.003  000.003: sourcing nvim_exec2() called at /home/srs/.config/nvim/init.lua:0
048.986  000.003  000.003: sourcing nvim_exec2() called at /home/srs/.config/nvim/init.lua:0
048.989  000.001  000.001: sourcing nvim_exec2() called at /home/srs/.config/nvim/init.lua:0
048.992  000.001  000.001: sourcing nvim_exec2() called at /home/srs/.config/nvim/init.lua:0
048.995  000.001  000.001: sourcing nvim_exec2() called at /home/srs/.config/nvim/init.lua:0
048.998  000.001  000.001: sourcing nvim_exec2() called at /home/srs/.config/nvim/init.lua:0
049.001  000.001  000.001: sourcing nvim_exec2() called at /home/srs/.config/nvim/init.lua:0
049.003  000.001  000.001: sourcing nvim_exec2() called at /home/srs/.config/nvim/init.lua:0
049.020  000.002  000.002: sourcing nvim_exec2() called at /home/srs/.config/nvim/init.lua:0
049.024  000.001  000.001: sourcing nvim_exec2() called at /home/srs/.config/nvim/init.lua:0
049.026  000.001  000.001: sourcing nvim_exec2() called at /home/srs/.config/nvim/init.lua:0
049.029  000.001  000.001: sourcing nvim_exec2() called at /home/srs/.config/nvim/init.lua:0
049.053  000.003  000.003: sourcing nvim_exec2() called at /home/srs/.config/nvim/init.lua:0
049.057  000.002  000.002: sourcing nvim_exec2() called at /home/srs/.config/nvim/init.lua:0
049.061  000.002  000.002: sourcing nvim_exec2() called at /home/srs/.config/nvim/init.lua:0
049.064  000.001  000.001: sourcing nvim_exec2() called at /home/srs/.config/nvim/init.lua:0
049.067  000.001  000.001: sourcing nvim_exec2() called at /home/srs/.config/nvim/init.lua:0
049.070  000.001  000.001: sourcing nvim_exec2() called at /home/srs/.config/nvim/init.lua:0
049.073  000.001  000.001: sourcing nvim_exec2() called at /home/srs/.config/nvim/init.lua:0
049.077  000.002  000.002: sourcing nvim_exec2() called at /home/srs/.config/nvim/init.lua:0
049.080  000.001  000.001: sourcing nvim_exec2() called at /home/srs/.config/nvim/init.lua:0
049.083  000.001  000.001: sourcing nvim_exec2() called at /home/srs/.config/nvim/init.lua:0
049.102  000.002  000.002: sourcing nvim_exec2() called at /home/srs/.config/nvim/init.lua:0
049.107  000.002  000.002: sourcing nvim_exec2() called at /home/srs/.config/nvim/init.lua:0
049.110  000.001  000.001: sourcing nvim_exec2() called at /home/srs/.config/nvim/init.lua:0
049.113  000.002  000.002: sourcing nvim_exec2() called at /home/srs/.config/nvim/init.lua:0
049.117  000.001  000.001: sourcing nvim_exec2() called at /home/srs/.config/nvim/init.lua:0
049.121  000.002  000.002: sourcing nvim_exec2() called at /home/srs/.config/nvim/init.lua:0
049.126  000.002  000.002: sourcing nvim_exec2() called at /home/srs/.config/nvim/init.lua:0
049.131  000.003  000.003: sourcing nvim_exec2() called at /home/srs/.config/nvim/init.lua:0
049.135  000.002  000.002: sourcing nvim_exec2() called at /home/srs/.config/nvim/init.lua:0
049.145  000.002  000.002: sourcing nvim_exec2() called at /home/srs/.config/nvim/init.lua:0
049.149  000.002  000.002: sourcing nvim_exec2() called at /home/srs/.config/nvim/init.lua:0
049.153  000.002  000.002: sourcing nvim_exec2() called at /home/srs/.config/nvim/init.lua:0
049.157  000.002  000.002: sourcing nvim_exec2() called at /home/srs/.config/nvim/init.lua:0
049.160  000.002  000.002: sourcing nvim_exec2() called at /home/srs/.config/nvim/init.lua:0
049.164  000.002  000.002: sourcing nvim_exec2() called at /home/srs/.config/nvim/init.lua:0
049.167  000.002  000.002: sourcing nvim_exec2() called at /home/srs/.config/nvim/init.lua:0
049.171  000.002  000.002: sourcing nvim_exec2() called at /home/srs/.config/nvim/init.lua:0
049.197  000.003  000.003: sourcing nvim_exec2() called at /home/srs/.config/nvim/init.lua:0
049.201  000.002  000.002: sourcing nvim_exec2() called at /home/srs/.config/nvim/init.lua:0
049.205  000.002  000.002: sourcing nvim_exec2() called at /home/srs/.config/nvim/init.lua:0
049.209  000.002  000.002: sourcing nvim_exec2() called at /home/srs/.config/nvim/init.lua:0
049.213  000.002  000.002: sourcing nvim_exec2() called at /home/srs/.config/nvim/init.lua:0
049.216  000.002  000.002: sourcing nvim_exec2() called at /home/srs/.config/nvim/init.lua:0
049.220  000.001  000.001: sourcing nvim_exec2() called at /home/srs/.config/nvim/init.lua:0
049.223  000.001  000.001: sourcing nvim_exec2() called at /home/srs/.config/nvim/init.lua:0
049.226  000.001  000.001: sourcing nvim_exec2() called at /home/srs/.config/nvim/init.lua:0
049.228  000.001  000.001: sourcing nvim_exec2() called at /home/srs/.config/nvim/init.lua:0
049.231  000.001  000.001: sourcing nvim_exec2() called at /home/srs/.config/nvim/init.lua:0
049.236  000.001  000.001: sourcing nvim_exec2() called at /home/srs/.config/nvim/init.lua:0
049.252  000.002  000.002: sourcing nvim_exec2() called at /home/srs/.config/nvim/init.lua:0
049.256  000.001  000.001: sourcing nvim_exec2() called at /home/srs/.config/nvim/init.lua:0
049.259  000.001  000.001: sourcing nvim_exec2() called at /home/srs/.config/nvim/init.lua:0
049.264  000.003  000.003: sourcing nvim_exec2() called at /home/srs/.config/nvim/init.lua:0
049.279  000.003  000.003: sourcing nvim_exec2() called at /home/srs/.config/nvim/init.lua:0
049.283  000.001  000.001: sourcing nvim_exec2() called at /home/srs/.config/nvim/init.lua:0
049.287  000.002  000.002: sourcing nvim_exec2() called at /home/srs/.config/nvim/init.lua:0
049.290  000.002  000.002: sourcing nvim_exec2() called at /home/srs/.config/nvim/init.lua:0
049.296  000.002  000.002: sourcing nvim_exec2() called at /home/srs/.config/nvim/init.lua:0
049.300  000.002  000.002: sourcing nvim_exec2() called at /home/srs/.config/nvim/init.lua:0
049.303  000.001  000.001: sourcing nvim_exec2() called at /home/srs/.config/nvim/init.lua:0
049.306  000.001  000.001: sourcing nvim_exec2() called at /home/srs/.config/nvim/init.lua:0
049.309  000.001  000.001: sourcing nvim_exec2() called at /home/srs/.config/nvim/init.lua:0
049.312  000.001  000.001: sourcing nvim_exec2() called at /home/srs/.config/nvim/init.lua:0
049.315  000.001  000.001: sourcing nvim_exec2() called at /home/srs/.config/nvim/init.lua:0
049.318  000.001  000.001: sourcing nvim_exec2() called at /home/srs/.config/nvim/init.lua:0
049.343  000.003  000.003: sourcing nvim_exec2() called at /home/srs/.config/nvim/init.lua:0
049.350  000.002  000.002: sourcing nvim_exec2() called at /home/srs/.config/nvim/init.lua:0
049.379  000.004  000.004: sourcing nvim_exec2() called at /home/srs/.config/nvim/init.lua:0
049.397  000.002  000.002: sourcing nvim_exec2() called at /home/srs/.config/nvim/init.lua:0
049.402  000.002  000.002: sourcing nvim_exec2() called at /home/srs/.config/nvim/init.lua:0
049.405  000.001  000.001: sourcing nvim_exec2() called at /home/srs/.config/nvim/init.lua:0
049.409  000.002  000.002: sourcing nvim_exec2() called at /home/srs/.config/nvim/init.lua:0
049.414  000.002  000.002: sourcing nvim_exec2() called at /home/srs/.config/nvim/init.lua:0
049.419  000.001  000.001: sourcing nvim_exec2() called at /home/srs/.config/nvim/init.lua:0
049.422  000.001  000.001: sourcing nvim_exec2() called at /home/srs/.config/nvim/init.lua:0
049.426  000.002  000.002: sourcing nvim_exec2() called at /home/srs/.config/nvim/init.lua:0
049.429  000.001  000.001: sourcing nvim_exec2() called at /home/srs/.config/nvim/init.lua:0
049.432  000.001  000.001: sourcing nvim_exec2() called at /home/srs/.config/nvim/init.lua:0
049.436  000.002  000.002: sourcing nvim_exec2() called at /home/srs/.config/nvim/init.lua:0
049.461  000.003  000.003: sourcing nvim_exec2() called at /home/srs/.config/nvim/init.lua:0
049.466  000.003  000.003: sourcing nvim_exec2() called at /home/srs/.config/nvim/init.lua:0
049.473  000.003  000.003: sourcing nvim_exec2() called at /home/srs/.config/nvim/init.lua:0
049.478  000.002  000.002: sourcing nvim_exec2() called at /home/srs/.config/nvim/init.lua:0
049.482  000.002  000.002: sourcing nvim_exec2() called at /home/srs/.config/nvim/init.lua:0
049.486  000.002  000.002: sourcing nvim_exec2() called at /home/srs/.config/nvim/init.lua:0
049.502  000.002  000.002: sourcing nvim_exec2() called at /home/srs/.config/nvim/init.lua:0
049.507  000.002  000.002: sourcing nvim_exec2() called at /home/srs/.config/nvim/init.lua:0
049.525  000.003  000.003: sourcing nvim_exec2() called at /home/srs/.config/nvim/init.lua:0
049.529  000.002  000.002: sourcing nvim_exec2() called at /home/srs/.config/nvim/init.lua:0
049.535  000.002  000.002: sourcing nvim_exec2() called at /home/srs/.config/nvim/init.lua:0
049.539  000.002  000.002: sourcing nvim_exec2() called at /home/srs/.config/nvim/init.lua:0
049.544  000.002  000.002: sourcing nvim_exec2() called at /home/srs/.config/nvim/init.lua:0
049.548  000.002  000.002: sourcing nvim_exec2() called at /home/srs/.config/nvim/init.lua:0
049.553  000.002  000.002: sourcing nvim_exec2() called at /home/srs/.config/nvim/init.lua:0
049.557  000.002  000.002: sourcing nvim_exec2() called at /home/srs/.config/nvim/init.lua:0
049.560  000.002  000.002: sourcing nvim_exec2() called at /home/srs/.config/nvim/init.lua:0
049.564  000.002  000.002: sourcing nvim_exec2() called at /home/srs/.config/nvim/init.lua:0
049.568  000.001  000.001: sourcing nvim_exec2() called at /home/srs/.config/nvim/init.lua:0
049.592  000.004  000.004: sourcing nvim_exec2() called at /home/srs/.config/nvim/init.lua:0
049.597  000.003  000.003: sourcing nvim_exec2() called at /home/srs/.config/nvim/init.lua:0
049.602  000.003  000.003: sourcing nvim_exec2() called at /home/srs/.config/nvim/init.lua:0
049.607  000.002  000.002: sourcing nvim_exec2() called at /home/srs/.config/nvim/init.lua:0
049.611  000.002  000.002: sourcing nvim_exec2() called at /home/srs/.config/nvim/init.lua:0
049.625  000.012  000.012: sourcing nvim_exec2() called at /home/srs/.config/nvim/init.lua:0
049.629  000.002  000.002: sourcing nvim_exec2() called at /home/srs/.config/nvim/init.lua:0
049.634  000.002  000.002: sourcing nvim_exec2() called at /home/srs/.config/nvim/init.lua:0
049.639  000.001  000.001: sourcing nvim_exec2() called at /home/srs/.config/nvim/init.lua:0
049.643  000.002  000.002: sourcing nvim_exec2() called at /home/srs/.config/nvim/init.lua:0
049.677  000.004  000.004: sourcing nvim_exec2() called at /home/srs/.config/nvim/init.lua:0
049.682  000.002  000.002: sourcing nvim_exec2() called at /home/srs/.config/nvim/init.lua:0
049.687  000.003  000.003: sourcing nvim_exec2() called at /home/srs/.config/nvim/init.lua:0
049.710  000.004  000.004: sourcing nvim_exec2() called at /home/srs/.config/nvim/init.lua:0
049.716  000.004  000.004: sourcing nvim_exec2() called at /home/srs/.config/nvim/init.lua:0
049.721  000.002  000.002: sourcing nvim_exec2() called at /home/srs/.config/nvim/init.lua:0
049.725  000.002  000.002: sourcing nvim_exec2() called at /home/srs/.config/nvim/init.lua:0
049.767  000.004  000.004: sourcing nvim_exec2() called at /home/srs/.config/nvim/init.lua:0
049.773  000.002  000.002: sourcing nvim_exec2() called at /home/srs/.config/nvim/init.lua:0
049.776  000.001  000.001: sourcing nvim_exec2() called at /home/srs/.config/nvim/init.lua:0
049.782  000.003  000.003: sourcing nvim_exec2() called at /home/srs/.config/nvim/init.lua:0
049.810  000.025  000.025: sourcing nvim_exec2() called at /home/srs/.config/nvim/init.lua:0
049.814  000.002  000.002: sourcing nvim_exec2() called at /home/srs/.config/nvim/init.lua:0
049.818  000.002  000.002: sourcing nvim_exec2() called at /home/srs/.config/nvim/init.lua:0
049.821  000.001  000.001: sourcing nvim_exec2() called at /home/srs/.config/nvim/init.lua:0
049.825  000.001  000.001: sourcing nvim_exec2() called at /home/srs/.config/nvim/init.lua:0
049.828  000.001  000.001: sourcing nvim_exec2() called at /home/srs/.config/nvim/init.lua:0
049.832  000.002  000.002: sourcing nvim_exec2() called at /home/srs/.config/nvim/init.lua:0
049.837  000.003  000.003: sourcing nvim_exec2() called at /home/srs/.config/nvim/init.lua:0
049.841  000.002  000.002: sourcing nvim_exec2() called at /home/srs/.config/nvim/init.lua:0
049.846  000.002  000.002: sourcing nvim_exec2() called at /home/srs/.config/nvim/init.lua:0
049.850  000.002  000.002: sourcing nvim_exec2() called at /home/srs/.config/nvim/init.lua:0
049.854  000.002  000.002: sourcing nvim_exec2() called at /home/srs/.config/nvim/init.lua:0
049.877  000.003  000.003: sourcing nvim_exec2() called at /home/srs/.config/nvim/init.lua:0
049.881  000.001  000.001: sourcing nvim_exec2() called at /home/srs/.config/nvim/init.lua:0
049.885  000.002  000.002: sourcing nvim_exec2() called at /home/srs/.config/nvim/init.lua:0
049.916  000.003  000.003: sourcing nvim_exec2() called at /home/srs/.config/nvim/init.lua:0
049.921  000.002  000.002: sourcing nvim_exec2() called at /home/srs/.config/nvim/init.lua:0
049.924  000.001  000.001: sourcing nvim_exec2() called at /home/srs/.config/nvim/init.lua:0
049.929  000.003  000.003: sourcing nvim_exec2() called at /home/srs/.config/nvim/init.lua:0
049.934  000.002  000.002: sourcing nvim_exec2() called at /home/srs/.config/nvim/init.lua:0
049.937  000.002  000.002: sourcing nvim_exec2() called at /home/srs/.config/nvim/init.lua:0
049.942  000.002  000.002: sourcing nvim_exec2() called at /home/srs/.config/nvim/init.lua:0
049.945  000.002  000.002: sourcing nvim_exec2() called at /home/srs/.config/nvim/init.lua:0
049.949  000.002  000.002: sourcing nvim_exec2() called at /home/srs/.config/nvim/init.lua:0
049.953  000.002  000.002: sourcing nvim_exec2() called at /home/srs/.config/nvim/init.lua:0
049.958  000.001  000.001: sourcing nvim_exec2() called at /home/srs/.config/nvim/init.lua:0
049.977  000.002  000.002: sourcing nvim_exec2() called at /home/srs/.config/nvim/init.lua:0
049.981  000.001  000.001: sourcing nvim_exec2() called at /home/srs/.config/nvim/init.lua:0
049.984  000.001  000.001: sourcing nvim_exec2() called at /home/srs/.config/nvim/init.lua:0
049.987  000.001  000.001: sourcing nvim_exec2() called at /home/srs/.config/nvim/init.lua:0
049.991  000.002  000.002: sourcing nvim_exec2() called at /home/srs/.config/nvim/init.lua:0
049.994  000.001  000.001: sourcing nvim_exec2() called at /home/srs/.config/nvim/init.lua:0
049.997  000.001  000.001: sourcing nvim_exec2() called at /home/srs/.config/nvim/init.lua:0
050.000  000.001  000.001: sourcing nvim_exec2() called at /home/srs/.config/nvim/init.lua:0
050.003  000.001  000.001: sourcing nvim_exec2() called at /home/srs/.config/nvim/init.lua:0
050.009  000.002  000.002: sourcing nvim_exec2() called at /home/srs/.config/nvim/init.lua:0
050.013  000.002  000.002: sourcing nvim_exec2() called at /home/srs/.config/nvim/init.lua:0
050.031  000.003  000.003: sourcing nvim_exec2() called at /home/srs/.config/nvim/init.lua:0
050.035  000.002  000.002: sourcing nvim_exec2() called at /home/srs/.config/nvim/init.lua:0
050.054  000.003  000.003: sourcing nvim_exec2() called at /home/srs/.config/nvim/init.lua:0
050.059  000.002  000.002: sourcing nvim_exec2() called at /home/srs/.config/nvim/init.lua:0
050.064  000.003  000.003: sourcing nvim_exec2() called at /home/srs/.config/nvim/init.lua:0
050.069  000.002  000.002: sourcing nvim_exec2() called at /home/srs/.config/nvim/init.lua:0
050.076  000.003  000.003: sourcing nvim_exec2() called at /home/srs/.config/nvim/init.lua:0
050.079  000.001  000.001: sourcing nvim_exec2() called at /home/srs/.config/nvim/init.lua:0
050.099  000.004  000.004: sourcing nvim_exec2() called at /home/srs/.config/nvim/init.lua:0
050.134  000.004  000.004: sourcing nvim_exec2() called at /home/srs/.config/nvim/init.lua:0
050.154  000.004  000.004: sourcing nvim_exec2() called at /home/srs/.config/nvim/init.lua:0
050.159  000.002  000.002: sourcing nvim_exec2() called at /home/srs/.config/nvim/init.lua:0
050.163  000.002  000.002: sourcing nvim_exec2() called at /home/srs/.config/nvim/init.lua:0
050.166  000.001  000.001: sourcing nvim_exec2() called at /home/srs/.config/nvim/init.lua:0
050.183  000.002  000.002: sourcing nvim_exec2() called at /home/srs/.config/nvim/init.lua:0
050.186  000.001  000.001: sourcing nvim_exec2() called at /home/srs/.config/nvim/init.lua:0
050.189  000.001  000.001: sourcing nvim_exec2() called at /home/srs/.config/nvim/init.lua:0
050.193  000.001  000.001: sourcing nvim_exec2() called at /home/srs/.config/nvim/init.lua:0
050.196  000.001  000.001: sourcing nvim_exec2() called at /home/srs/.config/nvim/init.lua:0
050.200  000.001  000.001: sourcing nvim_exec2() called at /home/srs/.config/nvim/init.lua:0
050.203  000.001  000.001: sourcing nvim_exec2() called at /home/srs/.config/nvim/init.lua:0
050.206  000.001  000.001: sourcing nvim_exec2() called at /home/srs/.config/nvim/init.lua:0
050.210  000.002  000.002: sourcing nvim_exec2() called at /home/srs/.config/nvim/init.lua:0
050.214  000.002  000.002: sourcing nvim_exec2() called at /home/srs/.config/nvim/init.lua:0
050.218  000.002  000.002: sourcing nvim_exec2() called at /home/srs/.config/nvim/init.lua:0
050.222  000.002  000.002: sourcing nvim_exec2() called at /home/srs/.config/nvim/init.lua:0
050.225  000.002  000.002: sourcing nvim_exec2() called at /home/srs/.config/nvim/init.lua:0
050.229  000.002  000.002: sourcing nvim_exec2() called at /home/srs/.config/nvim/init.lua:0
050.232  000.002  000.002: sourcing nvim_exec2() called at /home/srs/.config/nvim/init.lua:0
050.238  000.002  000.002: sourcing nvim_exec2() called at /home/srs/.config/nvim/init.lua:0
050.241  000.002  000.002: sourcing nvim_exec2() called at /home/srs/.config/nvim/init.lua:0
050.259  000.003  000.003: sourcing nvim_exec2() called at /home/srs/.config/nvim/init.lua:0
050.264  000.002  000.002: sourcing nvim_exec2() called at /home/srs/.config/nvim/init.lua:0
050.272  000.007  000.007: sourcing nvim_exec2() called at /home/srs/.config/nvim/init.lua:0
050.276  000.002  000.002: sourcing nvim_exec2() called at /home/srs/.config/nvim/init.lua:0
050.280  000.002  000.002: sourcing nvim_exec2() called at /home/srs/.config/nvim/init.lua:0
050.284  000.002  000.002: sourcing nvim_exec2() called at /home/srs/.config/nvim/init.lua:0
050.289  000.001  000.001: sourcing nvim_exec2() called at /home/srs/.config/nvim/init.lua:0
050.293  000.002  000.002: sourcing nvim_exec2() called at /home/srs/.config/nvim/init.lua:0
050.297  000.002  000.002: sourcing nvim_exec2() called at /home/srs/.config/nvim/init.lua:0
050.300  000.002  000.002: sourcing nvim_exec2() called at /home/srs/.config/nvim/init.lua:0
050.303  000.002  000.002: sourcing nvim_exec2() called at /home/srs/.config/nvim/init.lua:0
050.318  000.002  000.002: sourcing nvim_exec2() called at /home/srs/.config/nvim/init.lua:0
050.334  000.003  000.003: sourcing nvim_exec2() called at /home/srs/.config/nvim/init.lua:0
050.340  000.002  000.002: sourcing nvim_exec2() called at /home/srs/.config/nvim/init.lua:0
050.344  000.002  000.002: sourcing nvim_exec2() called at /home/srs/.config/nvim/init.lua:0
050.348  000.002  000.002: sourcing nvim_exec2() called at /home/srs/.config/nvim/init.lua:0
050.351  000.002  000.002: sourcing nvim_exec2() called at /home/srs/.config/nvim/init.lua:0
050.355  000.002  000.002: sourcing nvim_exec2() called at /home/srs/.config/nvim/init.lua:0
050.359  000.002  000.002: sourcing nvim_exec2() called at /home/srs/.config/nvim/init.lua:0
050.362  000.002  000.002: sourcing nvim_exec2() called at /home/srs/.config/nvim/init.lua:0
050.366  000.002  000.002: sourcing nvim_exec2() called at /home/srs/.config/nvim/init.lua:0
050.370  000.002  000.002: sourcing nvim_exec2() called at /home/srs/.config/nvim/init.lua:0
050.373  000.002  000.002: sourcing nvim_exec2() called at /home/srs/.config/nvim/init.lua:0
050.391  000.003  000.003: sourcing nvim_exec2() called at /home/srs/.config/nvim/init.lua:0
050.395  000.002  000.002: sourcing nvim_exec2() called at /home/srs/.config/nvim/init.lua:0
050.399  000.002  000.002: sourcing nvim_exec2() called at /home/srs/.config/nvim/init.lua:0
050.403  000.002  000.002: sourcing nvim_exec2() called at /home/srs/.config/nvim/init.lua:0
050.406  000.002  000.002: sourcing nvim_exec2() called at /home/srs/.config/nvim/init.lua:0
050.410  000.002  000.002: sourcing nvim_exec2() called at /home/srs/.config/nvim/init.lua:0
050.414  000.002  000.002: sourcing nvim_exec2() called at /home/srs/.config/nvim/init.lua:0
050.418  000.002  000.002: sourcing nvim_exec2() called at /home/srs/.config/nvim/init.lua:0
050.424  000.002  000.002: sourcing nvim_exec2() called at /home/srs/.config/nvim/init.lua:0
050.428  000.002  000.002: sourcing nvim_exec2() called at /home/srs/.config/nvim/init.lua:0
050.448  000.002  000.002: sourcing nvim_exec2() called at /home/srs/.config/nvim/init.lua:0
050.452  000.001  000.001: sourcing nvim_exec2() called at /home/srs/.config/nvim/init.lua:0
050.455  000.001  000.001: sourcing nvim_exec2() called at /home/srs/.config/nvim/init.lua:0
050.458  000.001  000.001: sourcing nvim_exec2() called at /home/srs/.config/nvim/init.lua:0
050.460  000.001  000.001: sourcing nvim_exec2() called at /home/srs/.config/nvim/init.lua:0
050.463  000.001  000.001: sourcing nvim_exec2() called at /home/srs/.config/nvim/init.lua:0
050.466  000.001  000.001: sourcing nvim_exec2() called at /home/srs/.config/nvim/init.lua:0
050.469  000.001  000.001: sourcing nvim_exec2() called at /home/srs/.config/nvim/init.lua:0
050.477  000.001  000.001: sourcing nvim_exec2() called at /home/srs/.config/nvim/init.lua:0
050.491  000.002  000.002: sourcing nvim_exec2() called at /home/srs/.config/nvim/init.lua:0
050.494  000.002  000.002: sourcing nvim_exec2() called at /home/srs/.config/nvim/init.lua:0
050.497  000.001  000.001: sourcing nvim_exec2() called at /home/srs/.config/nvim/init.lua:0
050.500  000.001  000.001: sourcing nvim_exec2() called at /home/srs/.config/nvim/init.lua:0
050.503  000.001  000.001: sourcing nvim_exec2() called at /home/srs/.config/nvim/init.lua:0
050.506  000.001  000.001: sourcing nvim_exec2() called at /home/srs/.config/nvim/init.lua:0
050.509  000.001  000.001: sourcing nvim_exec2() called at /home/srs/.config/nvim/init.lua:0
050.511  000.001  000.001: sourcing nvim_exec2() called at /home/srs/.config/nvim/init.lua:0
050.514  000.001  000.001: sourcing nvim_exec2() called at /home/srs/.config/nvim/init.lua:0
050.519  000.001  000.001: sourcing nvim_exec2() called at /home/srs/.config/nvim/init.lua:0
050.532  000.002  000.002: sourcing nvim_exec2() called at /home/srs/.config/nvim/init.lua:0
050.535  000.001  000.001: sourcing nvim_exec2() called at /home/srs/.config/nvim/init.lua:0
050.538  000.001  000.001: sourcing nvim_exec2() called at /home/srs/.config/nvim/init.lua:0
050.541  000.001  000.001: sourcing nvim_exec2() called at /home/srs/.config/nvim/init.lua:0
050.544  000.001  000.001: sourcing nvim_exec2() called at /home/srs/.config/nvim/init.lua:0
050.560  000.002  000.002: sourcing nvim_exec2() called at /home/srs/.config/nvim/init.lua:0
050.564  000.001  000.001: sourcing nvim_exec2() called at /home/srs/.config/nvim/init.lua:0
050.567  000.001  000.001: sourcing nvim_exec2() called at /home/srs/.config/nvim/init.lua:0
050.570  000.001  000.001: sourcing nvim_exec2() called at /home/srs/.config/nvim/init.lua:0
050.572  000.001  000.001: sourcing nvim_exec2() called at /home/srs/.config/nvim/init.lua:0
050.589  000.002  000.002: sourcing nvim_exec2() called at /home/srs/.config/nvim/init.lua:0
050.593  000.001  000.001: sourcing nvim_exec2() called at /home/srs/.config/nvim/init.lua:0
050.596  000.001  000.001: sourcing nvim_exec2() called at /home/srs/.config/nvim/init.lua:0
050.599  000.001  000.001: sourcing nvim_exec2() called at /home/srs/.config/nvim/init.lua:0
050.602  000.001  000.001: sourcing nvim_exec2() called at /home/srs/.config/nvim/init.lua:0
050.604  000.001  000.001: sourcing nvim_exec2() called at /home/srs/.config/nvim/init.lua:0
050.607  000.001  000.001: sourcing nvim_exec2() called at /home/srs/.config/nvim/init.lua:0
050.612  000.003  000.003: sourcing nvim_exec2() called at /home/srs/.config/nvim/init.lua:0
050.616  000.002  000.002: sourcing nvim_exec2() called at /home/srs/.config/nvim/init.lua:0
050.620  000.002  000.002: sourcing nvim_exec2() called at /home/srs/.config/nvim/init.lua:0
050.625  000.001  000.001: sourcing nvim_exec2() called at /home/srs/.config/nvim/init.lua:0
050.629  000.002  000.002: sourcing nvim_exec2() called at /home/srs/.config/nvim/init.lua:0
050.633  000.002  000.002: sourcing nvim_exec2() called at /home/srs/.config/nvim/init.lua:0
050.637  000.002  000.002: sourcing nvim_exec2() called at /home/srs/.config/nvim/init.lua:0
050.640  000.001  000.001: sourcing nvim_exec2() called at /home/srs/.config/nvim/init.lua:0
050.643  000.001  000.001: sourcing nvim_exec2() called at /home/srs/.config/nvim/init.lua:0
050.661  000.003  000.003: sourcing nvim_exec2() called at /home/srs/.config/nvim/init.lua:0
050.664  000.001  000.001: sourcing nvim_exec2() called at /home/srs/.config/nvim/init.lua:0
050.669  000.001  000.001: sourcing nvim_exec2() called at /home/srs/.config/nvim/init.lua:0
050.673  000.002  000.002: sourcing nvim_exec2() called at /home/srs/.config/nvim/init.lua:0
050.676  000.001  000.001: sourcing nvim_exec2() called at /home/srs/.config/nvim/init.lua:0
050.679  000.001  000.001: sourcing nvim_exec2() called at /home/srs/.config/nvim/init.lua:0
050.683  000.002  000.002: sourcing nvim_exec2() called at /home/srs/.config/nvim/init.lua:0
050.685  000.001  000.001: sourcing nvim_exec2() called at /home/srs/.config/nvim/init.lua:0
050.689  000.001  000.001: sourcing nvim_exec2() called at /home/srs/.config/nvim/init.lua:0
050.693  000.003  000.003: sourcing nvim_exec2() called at /home/srs/.config/nvim/init.lua:0
050.698  000.002  000.002: sourcing nvim_exec2() called at /home/srs/.config/nvim/init.lua:0
050.705  000.005  000.005: sourcing nvim_exec2() called at /home/srs/.config/nvim/init.lua:0
050.712  000.002  000.002: sourcing nvim_exec2() called at /home/srs/.config/nvim/init.lua:0
050.716  000.002  000.002: sourcing nvim_exec2() called at /home/srs/.config/nvim/init.lua:0
050.719  000.002  000.002: sourcing nvim_exec2() called at /home/srs/.config/nvim/init.lua:0
050.738  000.003  000.003: sourcing nvim_exec2() called at /home/srs/.config/nvim/init.lua:0
050.744  000.002  000.002: sourcing nvim_exec2() called at /home/srs/.config/nvim/init.lua:0
050.748  000.002  000.002: sourcing nvim_exec2() called at /home/srs/.config/nvim/init.lua:0
050.752  000.002  000.002: sourcing nvim_exec2() called at /home/srs/.config/nvim/init.lua:0
050.756  000.002  000.002: sourcing nvim_exec2() called at /home/srs/.config/nvim/init.lua:0
050.766  000.002  000.002: sourcing nvim_exec2() called at /home/srs/.config/nvim/init.lua:0
050.770  000.002  000.002: sourcing nvim_exec2() called at /home/srs/.config/nvim/init.lua:0
050.775  000.002  000.002: sourcing nvim_exec2() called at /home/srs/.config/nvim/init.lua:0
050.778  000.001  000.001: sourcing nvim_exec2() called at /home/srs/.config/nvim/init.lua:0
050.781  000.002  000.002: sourcing nvim_exec2() called at /home/srs/.config/nvim/init.lua:0
050.785  000.002  000.002: sourcing nvim_exec2() called at /home/srs/.config/nvim/init.lua:0
050.789  000.002  000.002: sourcing nvim_exec2() called at /home/srs/.config/nvim/init.lua:0
050.793  000.002  000.002: sourcing nvim_exec2() called at /home/srs/.config/nvim/init.lua:0
050.813  000.003  000.003: sourcing nvim_exec2() called at /home/srs/.config/nvim/init.lua:0
050.818  000.002  000.002: sourcing nvim_exec2() called at /home/srs/.config/nvim/init.lua:0
050.821  000.002  000.002: sourcing nvim_exec2() called at /home/srs/.config/nvim/init.lua:0
050.825  000.002  000.002: sourcing nvim_exec2() called at /home/srs/.config/nvim/init.lua:0
050.829  000.002  000.002: sourcing nvim_exec2() called at /home/srs/.config/nvim/init.lua:0
050.832  000.002  000.002: sourcing nvim_exec2() called at /home/srs/.config/nvim/init.lua:0
050.836  000.002  000.002: sourcing nvim_exec2() called at /home/srs/.config/nvim/init.lua:0
050.839  000.002  000.002: sourcing nvim_exec2() called at /home/srs/.config/nvim/init.lua:0
050.843  000.002  000.002: sourcing nvim_exec2() called at /home/srs/.config/nvim/init.lua:0
050.846  000.001  000.001: sourcing nvim_exec2() called at /home/srs/.config/nvim/init.lua:0
050.852  000.002  000.002: sourcing nvim_exec2() called at /home/srs/.config/nvim/init.lua:0
050.873  000.002  000.002: sourcing nvim_exec2() called at /home/srs/.config/nvim/init.lua:0
050.877  000.001  000.001: sourcing nvim_exec2() called at /home/srs/.config/nvim/init.lua:0
050.880  000.001  000.001: sourcing nvim_exec2() called at /home/srs/.config/nvim/init.lua:0
050.884  000.002  000.002: sourcing nvim_exec2() called at /home/srs/.config/nvim/init.lua:0
050.888  000.002  000.002: sourcing nvim_exec2() called at /home/srs/.config/nvim/init.lua:0
050.902  000.002  000.002: sourcing nvim_exec2() called at /home/srs/.config/nvim/init.lua:0
050.909  000.001  000.001: sourcing nvim_exec2() called at /home/srs/.config/nvim/init.lua:0
050.913  000.002  000.002: sourcing nvim_exec2() called at /home/srs/.config/nvim/init.lua:0
050.917  000.002  000.002: sourcing nvim_exec2() called at /home/srs/.config/nvim/init.lua:0
050.921  000.001  000.001: sourcing nvim_exec2() called at /home/srs/.config/nvim/init.lua:0
050.924  000.001  000.001: sourcing nvim_exec2() called at /home/srs/.config/nvim/init.lua:0
050.926  000.001  000.001: sourcing nvim_exec2() called at /home/srs/.config/nvim/init.lua:0
050.932  000.001  000.001: sourcing nvim_exec2() called at /home/srs/.config/nvim/init.lua:0
050.935  000.001  000.001: sourcing nvim_exec2() called at /home/srs/.config/nvim/init.lua:0
050.951  000.002  000.002: sourcing nvim_exec2() called at /home/srs/.config/nvim/init.lua:0
050.957  000.002  000.002: sourcing nvim_exec2() called at /home/srs/.config/nvim/init.lua:0
050.963  000.002  000.002: sourcing nvim_exec2() called at /home/srs/.config/nvim/init.lua:0
050.967  000.001  000.001: sourcing nvim_exec2() called at /home/srs/.config/nvim/init.lua:0
050.971  000.001  000.001: sourcing nvim_exec2() called at /home/srs/.config/nvim/init.lua:0
050.974  000.001  000.001: sourcing nvim_exec2() called at /home/srs/.config/nvim/init.lua:0
050.978  000.002  000.002: sourcing nvim_exec2() called at /home/srs/.config/nvim/init.lua:0
050.982  000.002  000.002: sourcing nvim_exec2() called at /home/srs/.config/nvim/init.lua:0
050.996  000.002  000.002: sourcing nvim_exec2() called at /home/srs/.config/nvim/init.lua:0
051.002  000.002  000.002: sourcing nvim_exec2() called at /home/srs/.config/nvim/init.lua:0
051.005  000.002  000.002: sourcing nvim_exec2() called at /home/srs/.config/nvim/init.lua:0
051.012  000.002  000.002: sourcing nvim_exec2() called at /home/srs/.config/nvim/init.lua:0
051.016  000.002  000.002: sourcing nvim_exec2() called at /home/srs/.config/nvim/init.lua:0
051.019  000.002  000.002: sourcing nvim_exec2() called at /home/srs/.config/nvim/init.lua:0
051.023  000.002  000.002: sourcing nvim_exec2() called at /home/srs/.config/nvim/init.lua:0
051.041  000.003  000.003: sourcing nvim_exec2() called at /home/srs/.config/nvim/init.lua:0
051.045  000.002  000.002: sourcing nvim_exec2() called at /home/srs/.config/nvim/init.lua:0
051.049  000.002  000.002: sourcing nvim_exec2() called at /home/srs/.config/nvim/init.lua:0
051.053  000.002  000.002: sourcing nvim_exec2() called at /home/srs/.config/nvim/init.lua:0
051.057  000.002  000.002: sourcing nvim_exec2() called at /home/srs/.config/nvim/init.lua:0
051.063  000.003  000.003: sourcing nvim_exec2() called at /home/srs/.config/nvim/init.lua:0
051.087  000.004  000.004: sourcing nvim_exec2() called at /home/srs/.config/nvim/init.lua:0
051.091  000.002  000.002: sourcing nvim_exec2() called at /home/srs/.config/nvim/init.lua:0
051.095  000.002  000.002: sourcing nvim_exec2() called at /home/srs/.config/nvim/init.lua:0
051.113  000.004  000.004: sourcing nvim_exec2() called at /home/srs/.config/nvim/init.lua:0
051.119  000.002  000.002: sourcing nvim_exec2() called at /home/srs/.config/nvim/init.lua:0
051.144  000.003  000.003: sourcing nvim_exec2() called at /home/srs/.config/nvim/init.lua:0
051.149  000.002  000.002: sourcing nvim_exec2() called at /home/srs/.config/nvim/init.lua:0
051.152  000.002  000.002: sourcing nvim_exec2() called at /home/srs/.config/nvim/init.lua:0
051.157  000.002  000.002: sourcing nvim_exec2() called at /home/srs/.config/nvim/init.lua:0
051.160  000.002  000.002: sourcing nvim_exec2() called at /home/srs/.config/nvim/init.lua:0
051.164  000.002  000.002: sourcing nvim_exec2() called at /home/srs/.config/nvim/init.lua:0
051.168  000.002  000.002: sourcing nvim_exec2() called at /home/srs/.config/nvim/init.lua:0
051.172  000.002  000.002: sourcing nvim_exec2() called at /home/srs/.config/nvim/init.lua:0
051.179  000.003  000.003: sourcing nvim_exec2() called at /home/srs/.config/nvim/init.lua:0
051.183  000.002  000.002: sourcing nvim_exec2() called at /home/srs/.config/nvim/init.lua:0
051.186  000.001  000.001: sourcing nvim_exec2() called at /home/srs/.config/nvim/init.lua:0
051.189  000.001  000.001: sourcing nvim_exec2() called at /home/srs/.config/nvim/init.lua:0
051.203  000.003  000.003: sourcing nvim_exec2() called at /home/srs/.config/nvim/init.lua:0
051.298  000.093  000.093: sourcing nvim_exec2() called at /home/srs/.config/nvim/init.lua:0
051.307  000.003  000.003: sourcing nvim_exec2() called at /home/srs/.config/nvim/init.lua:0
051.311  000.001  000.001: sourcing nvim_exec2() called at /home/srs/.config/nvim/init.lua:0
051.314  000.001  000.001: sourcing nvim_exec2() called at /home/srs/.config/nvim/init.lua:0
051.331  000.002  000.002: sourcing nvim_exec2() called at /home/srs/.config/nvim/init.lua:0
051.337  000.001  000.001: sourcing nvim_exec2() called at /home/srs/.config/nvim/init.lua:0
051.342  000.002  000.002: sourcing nvim_exec2() called at /home/srs/.config/nvim/init.lua:0
051.347  000.002  000.002: sourcing nvim_exec2() called at /home/srs/.config/nvim/init.lua:0
051.351  000.002  000.002: sourcing nvim_exec2() called at /home/srs/.config/nvim/init.lua:0
051.354  000.001  000.001: sourcing nvim_exec2() called at /home/srs/.config/nvim/init.lua:0
051.359  000.002  000.002: sourcing nvim_exec2() called at /home/srs/.config/nvim/init.lua:0
051.363  000.002  000.002: sourcing nvim_exec2() called at /home/srs/.config/nvim/init.lua:0
051.368  000.003  000.003: sourcing nvim_exec2() called at /home/srs/.config/nvim/init.lua:0
051.372  000.002  000.002: sourcing nvim_exec2() called at /home/srs/.config/nvim/init.lua:0
051.378  000.002  000.002: sourcing nvim_exec2() called at /home/srs/.config/nvim/init.lua:0
051.382  000.002  000.002: sourcing nvim_exec2() called at /home/srs/.config/nvim/init.lua:0
051.402  000.003  000.003: sourcing nvim_exec2() called at /home/srs/.config/nvim/init.lua:0
051.407  000.002  000.002: sourcing nvim_exec2() called at /home/srs/.config/nvim/init.lua:0
051.411  000.002  000.002: sourcing nvim_exec2() called at /home/srs/.config/nvim/init.lua:0
051.415  000.002  000.002: sourcing nvim_exec2() called at /home/srs/.config/nvim/init.lua:0
051.419  000.002  000.002: sourcing nvim_exec2() called at /home/srs/.config/nvim/init.lua:0
051.422  000.002  000.002: sourcing nvim_exec2() called at /home/srs/.config/nvim/init.lua:0
051.429  000.002  000.002: sourcing nvim_exec2() called at /home/srs/.config/nvim/init.lua:0
051.433  000.002  000.002: sourcing nvim_exec2() called at /home/srs/.config/nvim/init.lua:0
051.436  000.002  000.002: sourcing nvim_exec2() called at /home/srs/.config/nvim/init.lua:0
051.440  000.002  000.002: sourcing nvim_exec2() called at /home/srs/.config/nvim/init.lua:0
051.444  000.002  000.002: sourcing nvim_exec2() called at /home/srs/.config/nvim/init.lua:0
051.448  000.002  000.002: sourcing nvim_exec2() called at /home/srs/.config/nvim/init.lua:0
051.452  000.002  000.002: sourcing nvim_exec2() called at /home/srs/.config/nvim/init.lua:0
051.455  000.002  000.002: sourcing nvim_exec2() called at /home/srs/.config/nvim/init.lua:0
051.459  000.002  000.002: sourcing nvim_exec2() called at /home/srs/.config/nvim/init.lua:0
051.463  000.002  000.002: sourcing nvim_exec2() called at /home/srs/.config/nvim/init.lua:0
051.468  000.002  000.002: sourcing nvim_exec2() called at /home/srs/.config/nvim/init.lua:0
051.472  000.002  000.002: sourcing nvim_exec2() called at /home/srs/.config/nvim/init.lua:0
051.476  000.002  000.002: sourcing nvim_exec2() called at /home/srs/.config/nvim/init.lua:0
051.480  000.002  000.002: sourcing nvim_exec2() called at /home/srs/.config/nvim/init.lua:0
051.497  000.003  000.003: sourcing nvim_exec2() called at /home/srs/.config/nvim/init.lua:0
051.502  000.002  000.002: sourcing nvim_exec2() called at /home/srs/.config/nvim/init.lua:0
051.506  000.002  000.002: sourcing nvim_exec2() called at /home/srs/.config/nvim/init.lua:0
051.510  000.002  000.002: sourcing nvim_exec2() called at /home/srs/.config/nvim/init.lua:0
051.516  000.002  000.002: sourcing nvim_exec2() called at /home/srs/.config/nvim/init.lua:0
051.520  000.002  000.002: sourcing nvim_exec2() called at /home/srs/.config/nvim/init.lua:0
051.525  000.002  000.002: sourcing nvim_exec2() called at /home/srs/.config/nvim/init.lua:0
051.530  000.002  000.002: sourcing nvim_exec2() called at /home/srs/.config/nvim/init.lua:0
051.534  000.002  000.002: sourcing nvim_exec2() called at /home/srs/.config/nvim/init.lua:0
051.538  000.002  000.002: sourcing nvim_exec2() called at /home/srs/.config/nvim/init.lua:0
051.556  000.002  000.002: sourcing nvim_exec2() called at /home/srs/.config/nvim/init.lua:0
051.560  000.001  000.001: sourcing nvim_exec2() called at /home/srs/.config/nvim/init.lua:0
051.564  000.001  000.001: sourcing nvim_exec2() called at /home/srs/.config/nvim/init.lua:0
051.568  000.002  000.002: sourcing nvim_exec2() called at /home/srs/.config/nvim/init.lua:0
051.573  000.001  000.001: sourcing nvim_exec2() called at /home/srs/.config/nvim/init.lua:0
051.576  000.001  000.001: sourcing nvim_exec2() called at /home/srs/.config/nvim/init.lua:0
051.579  000.001  000.001: sourcing nvim_exec2() called at /home/srs/.config/nvim/init.lua:0
051.583  000.001  000.001: sourcing nvim_exec2() called at /home/srs/.config/nvim/init.lua:0
051.596  000.002  000.002: sourcing nvim_exec2() called at /home/srs/.config/nvim/init.lua:0
051.601  000.001  000.001: sourcing nvim_exec2() called at /home/srs/.config/nvim/init.lua:0
051.604  000.001  000.001: sourcing nvim_exec2() called at /home/srs/.config/nvim/init.lua:0
051.607  000.001  000.001: sourcing nvim_exec2() called at /home/srs/.config/nvim/init.lua:0
051.610  000.001  000.001: sourcing nvim_exec2() called at /home/srs/.config/nvim/init.lua:0
051.613  000.001  000.001: sourcing nvim_exec2() called at /home/srs/.config/nvim/init.lua:0
051.616  000.001  000.001: sourcing nvim_exec2() called at /home/srs/.config/nvim/init.lua:0
051.623  000.003  000.003: sourcing nvim_exec2() called at /home/srs/.config/nvim/init.lua:0
051.626  000.001  000.001: sourcing nvim_exec2() called at /home/srs/.config/nvim/init.lua:0
051.630  000.002  000.002: sourcing nvim_exec2() called at /home/srs/.config/nvim/init.lua:0
051.648  000.002  000.002: sourcing nvim_exec2() called at /home/srs/.config/nvim/init.lua:0
051.651  000.001  000.001: sourcing nvim_exec2() called at /home/srs/.config/nvim/init.lua:0
051.671  000.003  000.003: sourcing nvim_exec2() called at /home/srs/.config/nvim/init.lua:0
051.675  000.001  000.001: sourcing nvim_exec2() called at /home/srs/.config/nvim/init.lua:0
051.678  000.001  000.001: sourcing nvim_exec2() called at /home/srs/.config/nvim/init.lua:0
051.682  000.002  000.002: sourcing nvim_exec2() called at /home/srs/.config/nvim/init.lua:0
051.685  000.001  000.001: sourcing nvim_exec2() called at /home/srs/.config/nvim/init.lua:0
051.688  000.001  000.001: sourcing nvim_exec2() called at /home/srs/.config/nvim/init.lua:0
051.695  000.002  000.002: sourcing nvim_exec2() called at /home/srs/.config/nvim/init.lua:0
051.699  000.001  000.001: sourcing nvim_exec2() called at /home/srs/.config/nvim/init.lua:0
051.702  000.001  000.001: sourcing nvim_exec2() called at /home/srs/.config/nvim/init.lua:0
051.706  000.002  000.002: sourcing nvim_exec2() called at /home/srs/.config/nvim/init.lua:0
051.709  000.001  000.001: sourcing nvim_exec2() called at /home/srs/.config/nvim/init.lua:0
051.712  000.001  000.001: sourcing nvim_exec2() called at /home/srs/.config/nvim/init.lua:0
051.717  000.003  000.003: sourcing nvim_exec2() called at /home/srs/.config/nvim/init.lua:0
051.722  000.002  000.002: sourcing nvim_exec2() called at /home/srs/.config/nvim/init.lua:0
051.726  000.002  000.002: sourcing nvim_exec2() called at /home/srs/.config/nvim/init.lua:0
051.730  000.002  000.002: sourcing nvim_exec2() called at /home/srs/.config/nvim/init.lua:0
051.766  000.003  000.003: sourcing nvim_exec2() called at /home/srs/.config/nvim/init.lua:0
051.771  000.002  000.002: sourcing nvim_exec2() called at /home/srs/.config/nvim/init.lua:0
051.774  000.001  000.001: sourcing nvim_exec2() called at /home/srs/.config/nvim/init.lua:0
051.784  000.007  000.007: sourcing nvim_exec2() called at /home/srs/.config/nvim/init.lua:0
051.788  000.001  000.001: sourcing nvim_exec2() called at /home/srs/.config/nvim/init.lua:0
051.812  000.004  000.004: sourcing nvim_exec2() called at /home/srs/.config/nvim/init.lua:0
051.817  000.002  000.002: sourcing nvim_exec2() called at /home/srs/.config/nvim/init.lua:0
051.835  000.003  000.003: sourcing nvim_exec2() called at /home/srs/.config/nvim/init.lua:0
051.848  000.002  000.002: sourcing nvim_exec2() called at /home/srs/.config/nvim/init.lua:0
051.853  000.002  000.002: sourcing nvim_exec2() called at /home/srs/.config/nvim/init.lua:0
051.857  000.001  000.001: sourcing nvim_exec2() called at /home/srs/.config/nvim/init.lua:0
051.861  000.003  000.003: sourcing nvim_exec2() called at /home/srs/.config/nvim/init.lua:0
051.865  000.001  000.001: sourcing nvim_exec2() called at /home/srs/.config/nvim/init.lua:0
051.869  000.002  000.002: sourcing nvim_exec2() called at /home/srs/.config/nvim/init.lua:0
051.872  000.001  000.001: sourcing nvim_exec2() called at /home/srs/.config/nvim/init.lua:0
051.878  000.002  000.002: sourcing nvim_exec2() called at /home/srs/.config/nvim/init.lua:0
051.882  000.002  000.002: sourcing nvim_exec2() called at /home/srs/.config/nvim/init.lua:0
051.885  000.001  000.001: sourcing nvim_exec2() called at /home/srs/.config/nvim/init.lua:0
051.891  000.003  000.003: sourcing nvim_exec2() called at /home/srs/.config/nvim/init.lua:0
051.894  000.001  000.001: sourcing nvim_exec2() called at /home/srs/.config/nvim/init.lua:0
051.898  000.002  000.002: sourcing nvim_exec2() called at /home/srs/.config/nvim/init.lua:0
051.903  000.002  000.002: sourcing nvim_exec2() called at /home/srs/.config/nvim/init.lua:0
051.907  000.002  000.002: sourcing nvim_exec2() called at /home/srs/.config/nvim/init.lua:0
051.910  000.001  000.001: sourcing nvim_exec2() called at /home/srs/.config/nvim/init.lua:0
051.914  000.001  000.001: sourcing nvim_exec2() called at /home/srs/.config/nvim/init.lua:0
051.919  000.001  000.001: sourcing nvim_exec2() called at /home/srs/.config/nvim/init.lua:0
051.922  000.001  000.001: sourcing nvim_exec2() called at /home/srs/.config/nvim/init.lua:0
051.937  000.002  000.002: sourcing nvim_exec2() called at /home/srs/.config/nvim/init.lua:0
051.942  000.003  000.003: sourcing nvim_exec2() called at /home/srs/.config/nvim/init.lua:0
051.945  000.001  000.001: sourcing nvim_exec2() called at /home/srs/.config/nvim/init.lua:0
051.948  000.001  000.001: sourcing nvim_exec2() called at /home/srs/.config/nvim/init.lua:0
051.951  000.001  000.001: sourcing nvim_exec2() called at /home/srs/.config/nvim/init.lua:0
051.954  000.001  000.001: sourcing nvim_exec2() called at /home/srs/.config/nvim/init.lua:0
051.957  000.001  000.001: sourcing nvim_exec2() called at /home/srs/.config/nvim/init.lua:0
051.968  000.001  000.001: sourcing nvim_exec2() called at /home/srs/.config/nvim/init.lua:0
051.973  000.001  000.001: sourcing nvim_exec2() called at /home/srs/.config/nvim/init.lua:0
051.976  000.001  000.001: sourcing nvim_exec2() called at /home/srs/.config/nvim/init.lua:0
051.991  000.002  000.002: sourcing nvim_exec2() called at /home/srs/.config/nvim/init.lua:0
051.994  000.001  000.001: sourcing nvim_exec2() called at /home/srs/.config/nvim/init.lua:0
051.997  000.001  000.001: sourcing nvim_exec2() called at /home/srs/.config/nvim/init.lua:0
052.000  000.001  000.001: sourcing nvim_exec2() called at /home/srs/.config/nvim/init.lua:0
052.004  000.001  000.001: sourcing nvim_exec2() called at /home/srs/.config/nvim/init.lua:0
052.007  000.001  000.001: sourcing nvim_exec2() called at /home/srs/.config/nvim/init.lua:0
052.010  000.001  000.001: sourcing nvim_exec2() called at /home/srs/.config/nvim/init.lua:0
052.014  000.001  000.001: sourcing nvim_exec2() called at /home/srs/.config/nvim/init.lua:0
052.017  000.001  000.001: sourcing nvim_exec2() called at /home/srs/.config/nvim/init.lua:0
052.021  000.001  000.001: sourcing nvim_exec2() called at /home/srs/.config/nvim/init.lua:0
052.036  000.002  000.002: sourcing nvim_exec2() called at /home/srs/.config/nvim/init.lua:0
052.041  000.002  000.002: sourcing nvim_exec2() called at /home/srs/.config/nvim/init.lua:0
052.062  000.003  000.003: sourcing nvim_exec2() called at /home/srs/.config/nvim/init.lua:0
052.067  000.003  000.003: sourcing nvim_exec2() called at /home/srs/.config/nvim/init.lua:0
052.083  000.002  000.002: sourcing nvim_exec2() called at /home/srs/.config/nvim/init.lua:0
052.089  000.002  000.002: sourcing nvim_exec2() called at /home/srs/.config/nvim/init.lua:0
052.094  000.003  000.003: sourcing nvim_exec2() called at /home/srs/.config/nvim/init.lua:0
052.100  000.002  000.002: sourcing nvim_exec2() called at /home/srs/.config/nvim/init.lua:0
052.103  000.002  000.002: sourcing nvim_exec2() called at /home/srs/.config/nvim/init.lua:0
052.107  000.002  000.002: sourcing nvim_exec2() called at /home/srs/.config/nvim/init.lua:0
052.113  000.002  000.002: sourcing nvim_exec2() called at /home/srs/.config/nvim/init.lua:0
052.116  000.001  000.001: sourcing nvim_exec2() called at /home/srs/.config/nvim/init.lua:0
052.119  000.001  000.001: sourcing nvim_exec2() called at /home/srs/.config/nvim/init.lua:0
052.123  000.002  000.002: sourcing nvim_exec2() called at /home/srs/.config/nvim/init.lua:0
052.128  000.002  000.002: sourcing nvim_exec2() called at /home/srs/.config/nvim/init.lua:0
052.139  044.141  003.265: sourcing /home/srs/.config/nvim/init.lua
052.149  004.787: sourcing vimrc file(s)
052.561  000.018  000.018: sourcing /home/srs/.local/share/nvim/site/pack/hm/start/direnv.vim/ftdetect/direnv.vim
052.680  000.231  000.213: sourcing nvim_exec2() called at /nix/store/2pdgzyp8jb8qpnhip6jl0a3wr6asv70n-neovim-unwrapped-0.12.5/share/nvim/runtime/filetype.lua:0
052.684  000.329  000.098: sourcing /nix/store/2pdgzyp8jb8qpnhip6jl0a3wr6asv70n-neovim-unwrapped-0.12.5/share/nvim/runtime/filetype.lua
053.400  000.394  000.394: require('blink_cmp_fuzzy')
053.404  000.477  000.083: require('blink.cmp.fuzzy.rust')
053.515  000.678  000.201: sourcing /nix/store/2pdgzyp8jb8qpnhip6jl0a3wr6asv70n-neovim-unwrapped-0.12.5/share/nvim/runtime/syntax/synload.vim
053.613  000.896  000.218: sourcing /nix/store/2pdgzyp8jb8qpnhip6jl0a3wr6asv70n-neovim-unwrapped-0.12.5/share/nvim/runtime/syntax/syntax.vim
057.196  000.153  000.153: sourcing /nix/store/2pdgzyp8jb8qpnhip6jl0a3wr6asv70n-neovim-unwrapped-0.12.5/share/nvim/runtime/plugin/gzip.vim
059.655  000.158  000.158: sourcing /nix/store/2pdgzyp8jb8qpnhip6jl0a3wr6asv70n-neovim-unwrapped-0.12.5/share/nvim/runtime/pack/dist/opt/matchit/plugin/matchit.vim
060.212  002.999  002.841: sourcing /nix/store/2pdgzyp8jb8qpnhip6jl0a3wr6asv70n-neovim-unwrapped-0.12.5/share/nvim/runtime/plugin/matchit.vim
060.353  000.124  000.124: sourcing /nix/store/2pdgzyp8jb8qpnhip6jl0a3wr6asv70n-neovim-unwrapped-0.12.5/share/nvim/runtime/plugin/matchparen.vim
060.379  000.009  000.009: sourcing /nix/store/2pdgzyp8jb8qpnhip6jl0a3wr6asv70n-neovim-unwrapped-0.12.5/share/nvim/runtime/plugin/netrwPlugin.vim
060.466  000.006  000.006: sourcing /nix/store/dh570mlj0y5lac05r0lnaf5rfkyv620y-neovim-0.12.5/rplugin.vim
060.549  000.155  000.149: sourcing /nix/store/2pdgzyp8jb8qpnhip6jl0a3wr6asv70n-neovim-unwrapped-0.12.5/share/nvim/runtime/plugin/rplugin.vim
060.648  000.084  000.084: sourcing /nix/store/2pdgzyp8jb8qpnhip6jl0a3wr6asv70n-neovim-unwrapped-0.12.5/share/nvim/runtime/plugin/tarPlugin.vim
060.679  000.016  000.016: sourcing /nix/store/2pdgzyp8jb8qpnhip6jl0a3wr6asv70n-neovim-unwrapped-0.12.5/share/nvim/runtime/plugin/tutor.vim
060.807  000.114  000.114: sourcing /nix/store/2pdgzyp8jb8qpnhip6jl0a3wr6asv70n-neovim-unwrapped-0.12.5/share/nvim/runtime/plugin/zipPlugin.vim
060.877  000.053  000.053: sourcing /nix/store/2pdgzyp8jb8qpnhip6jl0a3wr6asv70n-neovim-unwrapped-0.12.5/share/nvim/runtime/plugin/editorconfig.lua
060.990  000.087  000.087: sourcing /nix/store/2pdgzyp8jb8qpnhip6jl0a3wr6asv70n-neovim-unwrapped-0.12.5/share/nvim/runtime/plugin/man.lua
061.176  000.167  000.167: sourcing /nix/store/2pdgzyp8jb8qpnhip6jl0a3wr6asv70n-neovim-unwrapped-0.12.5/share/nvim/runtime/plugin/net.lua
061.303  000.108  000.108: sourcing /nix/store/2pdgzyp8jb8qpnhip6jl0a3wr6asv70n-neovim-unwrapped-0.12.5/share/nvim/runtime/plugin/osc52.lua
061.545  000.223  000.223: sourcing /nix/store/2pdgzyp8jb8qpnhip6jl0a3wr6asv70n-neovim-unwrapped-0.12.5/share/nvim/runtime/plugin/shada.lua
061.610  000.036  000.036: sourcing /nix/store/2pdgzyp8jb8qpnhip6jl0a3wr6asv70n-neovim-unwrapped-0.12.5/share/nvim/runtime/plugin/spellfile.lua
061.664  003.964: loading rtp plugins
068.033  000.084  000.084: require('blink.cmp.lib.event_emitter')
068.042  005.861  005.777: require('blink.cmp.sources.lib')
068.070  005.960  000.099: sourcing /nix/store/5lbwl4ms0y3wdy5w0cv9kzwgpf5jc948-packdir-start/pack/hm/start/blink.cmp/plugin/blink-cmp.lua
068.194  000.023  000.023: sourcing /nix/store/5lbwl4ms0y3wdy5w0cv9kzwgpf5jc948-packdir-start/pack/hm/start/conform.nvim/plugin/conform.lua
068.453  000.091  000.091: sourcing /home/srs/.local/share/nvim/site/pack/hm/start/direnv.vim/autoload/direnv.vim
068.493  000.227  000.136: sourcing /nix/store/5lbwl4ms0y3wdy5w0cv9kzwgpf5jc948-packdir-start/pack/hm/start/direnv.vim/plugin/direnv.vim
068.659  000.063  000.063: sourcing /nix/store/5lbwl4ms0y3wdy5w0cv9kzwgpf5jc948-packdir-start/pack/hm/start/gitsigns.nvim/plugin/gitsigns.lua
068.980  000.201  000.201: sourcing /nix/store/5lbwl4ms0y3wdy5w0cv9kzwgpf5jc948-packdir-start/pack/hm/start/neo-tree.nvim/plugin/neo-tree.lua
071.496  000.194  000.194: require('vim.treesitter.language')
071.598  000.098  000.098: require('vim.func')
071.818  000.215  000.215: require('vim.treesitter._range')
071.974  000.150  000.150: require('vim.func._memoize')
072.021  001.436  000.779: require('vim.treesitter.query')
072.054  002.327  000.891: require('vim.treesitter.languagetree')
072.065  002.788  000.461: require('vim.treesitter')
072.245  003.103  000.314: sourcing /nix/store/5lbwl4ms0y3wdy5w0cv9kzwgpf5jc948-packdir-start/pack/hm/start/nvim-treesitter/plugin/filetypes.lua
072.387  000.089  000.089: sourcing /nix/store/5lbwl4ms0y3wdy5w0cv9kzwgpf5jc948-packdir-start/pack/hm/start/nvim-treesitter/plugin/nvim-treesitter.lua
072.455  000.046  000.046: sourcing /nix/store/5lbwl4ms0y3wdy5w0cv9kzwgpf5jc948-packdir-start/pack/hm/start/nvim-treesitter/plugin/query_predicates.lua
072.622  000.031  000.031: sourcing /nix/store/5lbwl4ms0y3wdy5w0cv9kzwgpf5jc948-packdir-start/pack/hm/start/nvim-web-devicons/plugin/nvim-web-devicons.vim
072.722  000.026  000.026: sourcing /nix/store/5lbwl4ms0y3wdy5w0cv9kzwgpf5jc948-packdir-start/pack/hm/start/plenary.nvim/plugin/plenary.vim
072.900  000.105  000.105: sourcing /nix/store/5lbwl4ms0y3wdy5w0cv9kzwgpf5jc948-packdir-start/pack/hm/start/rainbow-delimiters.nvim/plugin/rainbow-delimiters.lua
072.989  000.011  000.011: sourcing /nix/store/5lbwl4ms0y3wdy5w0cv9kzwgpf5jc948-packdir-start/pack/hm/start/snacks.nvim/plugin/snacks.lua
073.363  000.283  000.283: sourcing /nix/store/5lbwl4ms0y3wdy5w0cv9kzwgpf5jc948-packdir-start/pack/hm/start/telescope.nvim/plugin/telescope.lua
073.504  000.048  000.048: sourcing /nix/store/5lbwl4ms0y3wdy5w0cv9kzwgpf5jc948-packdir-start/pack/hm/start/transparent.nvim/plugin/transparent.vim
075.619  003.739: loading packages
075.622  000.003: loading after plugins
075.636  000.014: inits 3
077.213  001.578: reading ShaDa
077.556  000.343: opening buffers
077.984  000.023  000.023: sourcing /home/srs/.local/share/nvim/site/pack/hm/start/direnv.vim/autoload/direnv/extra_vimrc.vim
078.061  000.482: BufEnter autocommands
078.065  000.003: editing files in windows
078.073  000.009: --- NVIM STARTED ---

--- Startup times for process: Primary (or UI client) ---

times in msec
 clock   self+sourced   self:  sourced script
 clock   elapsed:              other lines

000.001  000.001: --- NVIM STARTING ---
000.106  000.105: event init
000.170  000.064: early init
000.207  000.037: locale set
000.241  000.034: init first window
000.594  000.353: inits 1
000.602  000.008: window checked
000.605  000.003: parsing arguments
001.050  000.072  000.072: require('vim._core.shared')
001.118  000.003  000.003: require('string.buffer')
001.142  000.043  000.040: require('vim.inspect')
001.188  000.039  000.039: require('vim._core.options')
001.190  000.137  000.055: require('vim._core.editor')
001.227  000.036  000.036: require('vim._core.system')
001.229  000.273  000.028: require('vim._init_packages')
001.230  000.352: init lua interpreter
002.092  000.862: nvim_ui_attach
002.314  000.222: nvim_set_client_info
002.315  000.002: --- NVIM STARTED ---

--- Startup times for process: Embedded ---

times in msec
 clock   self+sourced   self:  sourced script
 clock   elapsed:              other lines

000.030  000.030: --- NVIM STARTING ---
000.168  000.137: event init
000.221  000.053: early init
000.262  000.041: locale set
000.294  000.032: init first window
000.633  000.339: inits 1
000.641  000.008: window checked
000.644  000.002: parsing arguments
001.081  000.044  000.044: require('vim._core.shared')
001.159  000.004  000.004: require('string.buffer')
001.190  000.055  000.051: require('vim.inspect')
001.253  000.054  000.054: require('vim._core.options')
001.256  000.173  000.063: require('vim._core.editor')
001.306  000.048  000.048: require('vim._core.system')
001.308  000.294  000.029: require('vim._init_packages')
001.310  000.373: init lua interpreter
001.380  000.069: expanding arguments
001.395  000.016: inits 2
001.723  000.328: init highlight
001.727  000.004: waiting for UI
001.899  000.172: done waiting for UI
001.909  000.010: clear screen
002.214  000.022  000.022: require('vim.keymap')
003.211  000.157  000.157: sourcing nvim_exec2()
003.273  000.020  000.020: require('vim._core.log')
004.134  002.217  002.019: require('vim._core.defaults')
004.140  000.014: init default mappings & autocommands
009.128  000.040  000.040: sourcing /nix/store/2pdgzyp8jb8qpnhip6jl0a3wr6asv70n-neovim-unwrapped-0.12.5/share/nvim/runtime/ftplugin.vim
009.240  000.019  000.019: sourcing /nix/store/2pdgzyp8jb8qpnhip6jl0a3wr6asv70n-neovim-unwrapped-0.12.5/share/nvim/runtime/indent.vim
009.896  000.152  000.152: require('user.config.options')
010.161  000.262  000.262: require('user.misc.qol')
010.312  000.148  000.148: require('user.config.keybinds')
011.026  000.118  000.118: require('lualine_require')
011.274  000.809  000.691: require('lualine')
011.500  000.010  000.010: sourcing nvim_exec2() called at /home/srs/.config/nvim/init.lua:0
012.225  000.336  000.336: require('lualine.highlight')
013.015  000.008  000.008: sourcing nvim_exec2() called at /home/srs/.config/nvim/init.lua:0
013.035  000.004  000.004: sourcing nvim_exec2() called at /home/srs/.config/nvim/init.lua:0
013.054  000.004  000.004: sourcing nvim_exec2() called at /home/srs/.config/nvim/init.lua:0
013.067  000.003  000.003: sourcing nvim_exec2() called at /home/srs/.config/nvim/init.lua:0
013.083  000.002  000.002: sourcing nvim_exec2() called at /home/srs/.config/nvim/init.lua:0
013.101  000.003  000.003: sourcing nvim_exec2() called at /home/srs/.config/nvim/init.lua:0
013.108  000.002  000.002: sourcing nvim_exec2() called at /home/srs/.config/nvim/init.lua:0
013.116  000.002  000.002: sourcing nvim_exec2() called at /home/srs/.config/nvim/init.lua:0
013.126  000.002  000.002: sourcing nvim_exec2() called at /home/srs/.config/nvim/init.lua:0
013.139  000.002  000.002: sourcing nvim_exec2() called at /home/srs/.config/nvim/init.lua:0
013.153  000.002  000.002: sourcing nvim_exec2() called at /home/srs/.config/nvim/init.lua:0
013.165  000.002  000.002: sourcing nvim_exec2() called at /home/srs/.config/nvim/init.lua:0
013.180  000.002  000.002: sourcing nvim_exec2() called at /home/srs/.config/nvim/init.lua:0
013.195  000.002  000.002: sourcing nvim_exec2() called at /home/srs/.config/nvim/init.lua:0
013.221  000.003  000.003: sourcing nvim_exec2() called at /home/srs/.config/nvim/init.lua:0
013.234  000.002  000.002: sourcing nvim_exec2() called at /home/srs/.config/nvim/init.lua:0
013.243  000.002  000.002: sourcing nvim_exec2() called at /home/srs/.config/nvim/init.lua:0
013.255  000.002  000.002: sourcing nvim_exec2() called at /home/srs/.config/nvim/init.lua:0
013.262  000.002  000.002: sourcing nvim_exec2() called at /home/srs/.config/nvim/init.lua:0
013.271  000.002  000.002: sourcing nvim_exec2() called at /home/srs/.config/nvim/init.lua:0
013.279  000.002  000.002: sourcing nvim_exec2() called at /home/srs/.config/nvim/init.lua:0
013.285  000.002  000.002: sourcing nvim_exec2() called at /home/srs/.config/nvim/init.lua:0
013.298  000.009  000.009: sourcing nvim_exec2() called at /home/srs/.config/nvim/init.lua:0
014.259  000.007  000.007: sourcing nvim_exec2() called at /home/srs/.config/nvim/init.lua:0
014.273  000.003  000.003: sourcing nvim_exec2() called at /home/srs/.config/nvim/init.lua:0
014.281  000.002  000.002: sourcing nvim_exec2() called at /home/srs/.config/nvim/init.lua:0
014.288  000.003  000.003: sourcing nvim_exec2() called at /home/srs/.config/nvim/init.lua:0
014.297  000.002  000.002: sourcing nvim_exec2() called at /home/srs/.config/nvim/init.lua:0
014.303  000.002  000.002: sourcing nvim_exec2() called at /home/srs/.config/nvim/init.lua:0
014.310  000.002  000.002: sourcing nvim_exec2() called at /home/srs/.config/nvim/init.lua:0
014.320  000.003  000.003: sourcing nvim_exec2() called at /home/srs/.config/nvim/init.lua:0
014.327  000.002  000.002: sourcing nvim_exec2() called at /home/srs/.config/nvim/init.lua:0
014.333  000.002  000.002: sourcing nvim_exec2() called at /home/srs/.config/nvim/init.lua:0
014.363  000.003  000.003: sourcing nvim_exec2() called at /home/srs/.config/nvim/init.lua:0
014.372  000.002  000.002: sourcing nvim_exec2() called at /home/srs/.config/nvim/init.lua:0
014.378  000.002  000.002: sourcing nvim_exec2() called at /home/srs/.config/nvim/init.lua:0
014.384  000.002  000.002: sourcing nvim_exec2() called at /home/srs/.config/nvim/init.lua:0
014.394  000.003  000.003: sourcing nvim_exec2() called at /home/srs/.config/nvim/init.lua:0
014.401  000.002  000.002: sourcing nvim_exec2() called at /home/srs/.config/nvim/init.lua:0
014.407  000.002  000.002: sourcing nvim_exec2() called at /home/srs/.config/nvim/init.lua:0
014.413  000.002  000.002: sourcing nvim_exec2() called at /home/srs/.config/nvim/init.lua:0
014.419  000.002  000.002: sourcing nvim_exec2() called at /home/srs/.config/nvim/init.lua:0
014.425  000.002  000.002: sourcing nvim_exec2() called at /home/srs/.config/nvim/init.lua:0
014.431  000.002  000.002: sourcing nvim_exec2() called at /home/srs/.config/nvim/init.lua:0
014.440  000.003  000.003: sourcing nvim_exec2() called at /home/srs/.config/nvim/init.lua:0
014.446  000.002  000.002: sourcing nvim_exec2() called at /home/srs/.config/nvim/init.lua:0
014.452  000.002  000.002: sourcing nvim_exec2() called at /home/srs/.config/nvim/init.lua:0
014.458  000.002  000.002: sourcing nvim_exec2() called at /home/srs/.config/nvim/init.lua:0
014.464  000.002  000.002: sourcing nvim_exec2() called at /home/srs/.config/nvim/init.lua:0
014.470  000.002  000.002: sourcing nvim_exec2() called at /home/srs/.config/nvim/init.lua:0
014.476  000.002  000.002: sourcing nvim_exec2() called at /home/srs/.config/nvim/init.lua:0
014.630  000.087  000.087: require('lualine.utils.mode')
014.907  000.007  000.007: sourcing nvim_exec2() called at /home/srs/.config/nvim/init.lua:0
014.917  000.005  000.005: sourcing nvim_exec2() called at /home/srs/.config/nvim/init.lua:0
015.324  000.007  000.007: sourcing nvim_exec2() called at /home/srs/.config/nvim/init.lua:0
015.363  000.031  000.031: sourcing nvim_exec2() called at /home/srs/.config/nvim/init.lua:0
015.372  000.003  000.003: sourcing nvim_exec2() called at /home/srs/.config/nvim/init.lua:0
015.379  000.002  000.002: sourcing nvim_exec2() called at /home/srs/.config/nvim/init.lua:0
015.385  000.002  000.002: sourcing nvim_exec2() called at /home/srs/.config/nvim/init.lua:0
015.391  000.002  000.002: sourcing nvim_exec2() called at /home/srs/.config/nvim/init.lua:0
015.397  000.002  000.002: sourcing nvim_exec2() called at /home/srs/.config/nvim/init.lua:0
015.405  000.002  000.002: sourcing nvim_exec2() called at /home/srs/.config/nvim/init.lua:0
015.411  000.002  000.002: sourcing nvim_exec2() called at /home/srs/.config/nvim/init.lua:0
015.417  000.002  000.002: sourcing nvim_exec2() called at /home/srs/.config/nvim/init.lua:0
015.422  000.002  000.002: sourcing nvim_exec2() called at /home/srs/.config/nvim/init.lua:0
015.428  000.002  000.002: sourcing nvim_exec2() called at /home/srs/.config/nvim/init.lua:0
015.434  000.002  000.002: sourcing nvim_exec2() called at /home/srs/.config/nvim/init.lua:0
015.439  000.002  000.002: sourcing nvim_exec2() called at /home/srs/.config/nvim/init.lua:0
015.472  000.004  000.004: sourcing nvim_exec2() called at /home/srs/.config/nvim/init.lua:0
015.481  000.002  000.002: sourcing nvim_exec2() called at /home/srs/.config/nvim/init.lua:0
015.487  000.002  000.002: sourcing nvim_exec2() called at /home/srs/.config/nvim/init.lua:0
015.492  000.002  000.002: sourcing nvim_exec2() called at /home/srs/.config/nvim/init.lua:0
015.594  000.004  000.004: sourcing nvim_exec2() called at /home/srs/.config/nvim/init.lua:0
015.603  000.002  000.002: sourcing nvim_exec2() called at /home/srs/.config/nvim/init.lua:0
015.634  000.003  000.003: sourcing nvim_exec2() called at /home/srs/.config/nvim/init.lua:0
015.763  000.008  000.008: sourcing nvim_exec2() called at /home/srs/.config/nvim/init.lua:0
015.771  000.002  000.002: sourcing nvim_exec2() called at /home/srs/.config/nvim/init.lua:0
015.776  000.002  000.002: sourcing nvim_exec2() called at /home/srs/.config/nvim/init.lua:0
015.782  000.004  000.004: sourcing nvim_exec2() called at /home/srs/.config/nvim/init.lua:0
015.885  000.009  000.009: sourcing nvim_exec2() called at /home/srs/.config/nvim/init.lua:0
015.915  000.005  000.005: sourcing nvim_exec2() called at /home/srs/.config/nvim/init.lua:0
015.932  000.013  000.013: sourcing nvim_exec2() called at /home/srs/.config/nvim/init.lua:0
015.941  000.005  000.005: sourcing nvim_exec2() called at /home/srs/.config/nvim/init.lua:0
015.947  000.004  000.004: sourcing nvim_exec2() called at /home/srs/.config/nvim/init.lua:0
015.955  005.640  004.121: require('user.config.lualine')
016.101  000.142  000.142: require('rainbow-delimiters')
016.339  000.230  000.230: require('snacks')
016.662  000.268  000.268: require('telescope.builtin')
016.901  000.107  000.107: require('telescope._extensions')
016.905  000.240  000.133: require('telescope')
018.796  000.632  000.632: require('plenary.bit')
018.992  000.185  000.185: require('plenary.functional')
019.065  000.038  000.038: require('ffi')
019.112  001.685  000.829: require('plenary.path')
019.130  001.908  000.223: require('plenary.strings')
020.407  000.009  000.009: require('vim.F')
020.443  000.481  000.472: require('plenary.log')
020.485  000.688  000.206: require('telescope.log')
021.799  000.095  000.095: require('plenary.compat')
021.811  000.572  000.477: require('plenary.job')
021.921  000.108  000.108: require('telescope.state')
021.948  001.460  000.780: require('telescope.utils')
021.958  002.826  000.678: require('telescope.sorters')
023.762  006.853  002.120: require('telescope.config')
024.831  000.218  000.218: require('fzf_lib')
024.838  000.432  000.214: require('telescope._extensions.fzf')
024.996  000.082  000.082: require('nvim-treesitter')
025.188  000.029  000.029: require('vim.fs')
025.199  000.201  000.172: require('nvim-treesitter.config')
025.669  000.418  000.418: require('mini.pairs')
027.088  000.594  000.594: require('mini.hipatterns')
027.650  000.515  000.515: require('mini.notify')
028.292  000.528  000.528: require('conform')
028.494  000.182  000.182: require('gitsigns')
029.037  000.483  000.483: require('gitsigns.config')
029.562  000.400  000.400: require('gitsigns.highlight')
029.835  000.259  000.259: require('gitsigns.debug.log')
030.360  000.104  000.104: require('gitsigns.debounce')
030.576  000.202  000.202: require('mini.trailspace')
032.806  001.013  001.013: require('vim.lsp.protocol')
032.890  001.315  000.302: require('vim.lsp.log')
034.632  000.015  000.015: require('vim._core.util')
034.669  001.773  001.758: require('vim.lsp.util')
035.767  000.456  000.456: require('vim.lsp.sync')
035.781  001.107  000.651: require('vim.lsp._changetracking')
036.980  000.457  000.457: require('vim.lsp._transport')
037.041  000.054  000.054: require('vim._core.stringbuffer')
037.086  001.301  000.790: require('vim.lsp.rpc')
037.285  006.658  001.162: require('vim.lsp')
040.387  002.227  002.227: require('vim.diagnostic')
040.669  000.275  000.275: require('blink.cmp')
040.904  000.067  000.067: require('blink.cmp.config.utils')
040.990  000.082  000.082: require('blink.cmp.config.keymap')
041.087  000.034  000.034: require('blink.cmp.config.completion.keyword')
041.145  000.056  000.056: require('blink.cmp.config.completion.trigger')
041.196  000.049  000.049: require('blink.cmp.config.completion.list')
041.259  000.061  000.061: require('blink.cmp.config.completion.accept')
041.444  000.183  000.183: require('blink.cmp.config.completion.menu')
041.532  000.086  000.086: require('blink.cmp.config.completion.documentation')
041.573  000.038  000.038: require('blink.cmp.config.completion.ghost_text')
041.575  000.583  000.077: require('blink.cmp.config.completion')
041.678  000.102  000.102: require('blink.cmp.config.fuzzy')
041.778  000.098  000.098: require('blink.cmp.config.sources')
041.860  000.079  000.079: require('blink.cmp.config.signature')
041.963  000.102  000.102: require('blink.cmp.config.snippets')
042.025  000.060  000.060: require('blink.cmp.config.appearance')
042.072  000.044  000.044: require('blink.cmp.config.modes.cmdline')
042.110  000.036  000.036: require('blink.cmp.config.modes.term')
042.113  001.413  000.161: require('blink.cmp.config')
042.983  000.091  000.091: require('blink.cmp.config.modes.types')
043.683  000.175  000.175: require('blink.cmp.lib.async')
044.147  000.183  000.183: require('blink.cmp.lib.utils')
044.281  000.131  000.131: require('blink.cmp.fuzzy.download.system')
044.331  000.543  000.228: require('blink.cmp.fuzzy.download.files')
044.334  000.648  000.105: require('blink.cmp.fuzzy.download.git')
044.338  001.103  000.281: require('blink.cmp.fuzzy.download')
046.872  000.177  000.177: require('trouble')
047.189  000.311  000.311: require('trouble.config')
047.708  000.300  000.300: require('trouble.util')
047.713  000.473  000.173: require('trouble.config.highlights')
048.612  000.123  000.123: require('trouble.cache')
048.890  000.274  000.274: require('trouble.format')
049.040  000.148  000.148: require('trouble.view.indent')
049.267  000.224  000.224: require('trouble.view.text')
049.271  001.031  000.261: require('trouble.view.render')
049.274  001.226  000.195: require('trouble.view.preview')
049.277  001.419  000.193: require('trouble.view.main')
049.516  000.136  000.136: require('neo-tree')
049.881  000.360  000.360: require('neo-tree.log')
050.229  000.124  000.124: require('transparent.config')
050.337  000.105  000.105: require('transparent.cache')
050.360  000.442  000.213: require('transparent')
050.397  040.988  007.568: require('user')
053.105  002.705  002.705: require('mini.base16')
053.274  000.032  000.032: sourcing nvim_exec2() called at /home/srs/.config/nvim/init.lua:0
053.289  000.006  000.006: sourcing nvim_exec2() called at /home/srs/.config/nvim/init.lua:0
053.300  000.005  000.005: sourcing nvim_exec2() called at /home/srs/.config/nvim/init.lua:0
053.309  000.005  000.005: sourcing nvim_exec2() called at /home/srs/.config/nvim/init.lua:0
053.316  000.004  000.004: sourcing nvim_exec2() called at /home/srs/.config/nvim/init.lua:0
053.323  000.003  000.003: sourcing nvim_exec2() called at /home/srs/.config/nvim/init.lua:0
053.330  000.003  000.003: sourcing nvim_exec2() called at /home/srs/.config/nvim/init.lua:0
053.337  000.003  000.003: sourcing nvim_exec2() called at /home/srs/.config/nvim/init.lua:0
053.346  000.005  000.005: sourcing nvim_exec2() called at /home/srs/.config/nvim/init.lua:0
053.353  000.003  000.003: sourcing nvim_exec2() called at /home/srs/.config/nvim/init.lua:0
053.357  000.002  000.002: sourcing nvim_exec2() called at /home/srs/.config/nvim/init.lua:0
053.362  000.002  000.002: sourcing nvim_exec2() called at /home/srs/.config/nvim/init.lua:0
053.373  000.009  000.009: sourcing nvim_exec2() called at /home/srs/.config/nvim/init.lua:0
053.378  000.002  000.002: sourcing nvim_exec2() called at /home/srs/.config/nvim/init.lua:0
053.383  000.002  000.002: sourcing nvim_exec2() called at /home/srs/.config/nvim/init.lua:0
053.388  000.002  000.002: sourcing nvim_exec2() called at /home/srs/.config/nvim/init.lua:0
053.393  000.002  000.002: sourcing nvim_exec2() called at /home/srs/.config/nvim/init.lua:0
053.430  000.003  000.003: sourcing nvim_exec2() called at /home/srs/.config/nvim/init.lua:0
053.436  000.002  000.002: sourcing nvim_exec2() called at /home/srs/.config/nvim/init.lua:0
053.440  000.001  000.001: sourcing nvim_exec2() called at /home/srs/.config/nvim/init.lua:0
053.444  000.002  000.002: sourcing nvim_exec2() called at /home/srs/.config/nvim/init.lua:0
053.449  000.002  000.002: sourcing nvim_exec2() called at /home/srs/.config/nvim/init.lua:0
053.453  000.002  000.002: sourcing nvim_exec2() called at /home/srs/.config/nvim/init.lua:0
053.457  000.002  000.002: sourcing nvim_exec2() called at /home/srs/.config/nvim/init.lua:0
053.461  000.002  000.002: sourcing nvim_exec2() called at /home/srs/.config/nvim/init.lua:0
053.465  000.002  000.002: sourcing nvim_exec2() called at /home/srs/.config/nvim/init.lua:0
053.469  000.002  000.002: sourcing nvim_exec2() called at /home/srs/.config/nvim/init.lua:0
053.476  000.004  000.004: sourcing nvim_exec2() called at /home/srs/.config/nvim/init.lua:0
053.481  000.002  000.002: sourcing nvim_exec2() called at /home/srs/.config/nvim/init.lua:0
053.485  000.002  000.002: sourcing nvim_exec2() called at /home/srs/.config/nvim/init.lua:0
053.489  000.001  000.001: sourcing nvim_exec2() called at /home/srs/.config/nvim/init.lua:0
053.493  000.002  000.002: sourcing nvim_exec2() called at /home/srs/.config/nvim/init.lua:0
053.498  000.002  000.002: sourcing nvim_exec2() called at /home/srs/.config/nvim/init.lua:0
053.546  000.046  000.046: sourcing nvim_exec2() called at /home/srs/.config/nvim/init.lua:0
053.552  000.002  000.002: sourcing nvim_exec2() called at /home/srs/.config/nvim/init.lua:0
053.557  000.002  000.002: sourcing nvim_exec2() called at /home/srs/.config/nvim/init.lua:0
053.561  000.002  000.002: sourcing nvim_exec2() called at /home/srs/.config/nvim/init.lua:0
053.565  000.002  000.002: sourcing nvim_exec2() called at /home/srs/.config/nvim/init.lua:0
053.569  000.001  000.001: sourcing nvim_exec2() called at /home/srs/.config/nvim/init.lua:0
053.572  000.001  000.001: sourcing nvim_exec2() called at /home/srs/.config/nvim/init.lua:0
053.575  000.001  000.001: sourcing nvim_exec2() called at /home/srs/.config/nvim/init.lua:0
053.578  000.001  000.001: sourcing nvim_exec2() called at /home/srs/.config/nvim/init.lua:0
053.583  000.002  000.002: sourcing nvim_exec2() called at /home/srs/.config/nvim/init.lua:0
053.622  000.004  000.004: sourcing nvim_exec2() called at /home/srs/.config/nvim/init.lua:0
053.628  000.002  000.002: sourcing nvim_exec2() called at /home/srs/.config/nvim/init.lua:0
053.689  000.005  000.005: sourcing nvim_exec2() called at /home/srs/.config/nvim/init.lua:0
053.700  000.006  000.006: sourcing nvim_exec2() called at /home/srs/.config/nvim/init.lua:0
053.732  000.004  000.004: sourcing nvim_exec2() called at /home/srs/.config/nvim/init.lua:0
053.739  000.003  000.003: sourcing nvim_exec2() called at /home/srs/.config/nvim/init.lua:0
053.744  000.002  000.002: sourcing nvim_exec2() called at /home/srs/.config/nvim/init.lua:0
053.748  000.002  000.002: sourcing nvim_exec2() called at /home/srs/.config/nvim/init.lua:0
053.753  000.002  000.002: sourcing nvim_exec2() called at /home/srs/.config/nvim/init.lua:0
053.758  000.003  000.003: sourcing nvim_exec2() called at /home/srs/.config/nvim/init.lua:0
053.763  000.002  000.002: sourcing nvim_exec2() called at /home/srs/.config/nvim/init.lua:0
053.768  000.002  000.002: sourcing nvim_exec2() called at /home/srs/.config/nvim/init.lua:0
053.802  000.004  000.004: sourcing nvim_exec2() called at /home/srs/.config/nvim/init.lua:0
053.809  000.003  000.003: sourcing nvim_exec2() called at /home/srs/.config/nvim/init.lua:0
053.814  000.002  000.002: sourcing nvim_exec2() called at /home/srs/.config/nvim/init.lua:0
053.857  000.002  000.002: sourcing nvim_exec2() called at /home/srs/.config/nvim/init.lua:0
053.861  000.001  000.001: sourcing nvim_exec2() called at /home/srs/.config/nvim/init.lua:0
053.869  000.004  000.004: sourcing nvim_exec2() called at /home/srs/.config/nvim/init.lua:0
053.874  000.002  000.002: sourcing nvim_exec2() called at /home/srs/.config/nvim/init.lua:0
053.878  000.002  000.002: sourcing nvim_exec2() called at /home/srs/.config/nvim/init.lua:0
053.883  000.002  000.002: sourcing nvim_exec2() called at /home/srs/.config/nvim/init.lua:0
053.887  000.002  000.002: sourcing nvim_exec2() called at /home/srs/.config/nvim/init.lua:0
053.912  000.005  000.005: sourcing nvim_exec2() called at /home/srs/.config/nvim/init.lua:0
053.918  000.003  000.003: sourcing nvim_exec2() called at /home/srs/.config/nvim/init.lua:0
053.923  000.002  000.002: sourcing nvim_exec2() called at /home/srs/.config/nvim/init.lua:0
053.928  000.003  000.003: sourcing nvim_exec2() called at /home/srs/.config/nvim/init.lua:0
053.932  000.002  000.002: sourcing nvim_exec2() called at /home/srs/.config/nvim/init.lua:0
053.936  000.002  000.002: sourcing nvim_exec2() called at /home/srs/.config/nvim/init.lua:0
053.940  000.002  000.002: sourcing nvim_exec2() called at /home/srs/.config/nvim/init.lua:0
053.945  000.002  000.002: sourcing nvim_exec2() called at /home/srs/.config/nvim/init.lua:0
053.975  000.004  000.004: sourcing nvim_exec2() called at /home/srs/.config/nvim/init.lua:0
053.981  000.002  000.002: sourcing nvim_exec2() called at /home/srs/.config/nvim/init.lua:0
054.032  000.006  000.006: sourcing nvim_exec2() called at /home/srs/.config/nvim/init.lua:0
054.042  000.004  000.004: sourcing nvim_exec2() called at /home/srs/.config/nvim/init.lua:0
054.046  000.002  000.002: sourcing nvim_exec2() called at /home/srs/.config/nvim/init.lua:0
054.051  000.002  000.002: sourcing nvim_exec2() called at /home/srs/.config/nvim/init.lua:0
054.055  000.002  000.002: sourcing nvim_exec2() called at /home/srs/.config/nvim/init.lua:0
054.059  000.002  000.002: sourcing nvim_exec2() called at /home/srs/.config/nvim/init.lua:0
054.063  000.002  000.002: sourcing nvim_exec2() called at /home/srs/.config/nvim/init.lua:0
054.067  000.002  000.002: sourcing nvim_exec2() called at /home/srs/.config/nvim/init.lua:0
054.074  000.002  000.002: sourcing nvim_exec2() called at /home/srs/.config/nvim/init.lua:0
054.089  000.013  000.013: sourcing nvim_exec2() called at /home/srs/.config/nvim/init.lua:0
054.119  000.003  000.003: sourcing nvim_exec2() called at /home/srs/.config/nvim/init.lua:0
054.124  000.002  000.002: sourcing nvim_exec2() called at /home/srs/.config/nvim/init.lua:0
054.128  000.002  000.002: sourcing nvim_exec2() called at /home/srs/.config/nvim/init.lua:0
054.132  000.002  000.002: sourcing nvim_exec2() called at /home/srs/.config/nvim/init.lua:0
054.136  000.002  000.002: sourcing nvim_exec2() called at /home/srs/.config/nvim/init.lua:0
054.140  000.002  000.002: sourcing nvim_exec2() called at /home/srs/.config/nvim/init.lua:0
054.144  000.002  000.002: sourcing nvim_exec2() called at /home/srs/.config/nvim/init.lua:0
054.151  000.003  000.003: sourcing nvim_exec2() called at /home/srs/.config/nvim/init.lua:0
054.155  000.002  000.002: sourcing nvim_exec2() called at /home/srs/.config/nvim/init.lua:0
054.159  000.002  000.002: sourcing nvim_exec2() called at /home/srs/.config/nvim/init.lua:0
054.184  000.003  000.003: sourcing nvim_exec2() called at /home/srs/.config/nvim/init.lua:0
054.189  000.002  000.002: sourcing nvim_exec2() called at /home/srs/.config/nvim/init.lua:0
054.193  000.002  000.002: sourcing nvim_exec2() called at /home/srs/.config/nvim/init.lua:0
054.197  000.002  000.002: sourcing nvim_exec2() called at /home/srs/.config/nvim/init.lua:0
054.201  000.002  000.002: sourcing nvim_exec2() called at /home/srs/.config/nvim/init.lua:0
054.207  000.002  000.002: sourcing nvim_exec2() called at /home/srs/.config/nvim/init.lua:0
054.211  000.002  000.002: sourcing nvim_exec2() called at /home/srs/.config/nvim/init.lua:0
054.215  000.002  000.002: sourcing nvim_exec2() called at /home/srs/.config/nvim/init.lua:0
054.219  000.002  000.002: sourcing nvim_exec2() called at /home/srs/.config/nvim/init.lua:0
054.223  000.002  000.002: sourcing nvim_exec2() called at /home/srs/.config/nvim/init.lua:0
054.274  000.004  000.004: sourcing nvim_exec2() called at /home/srs/.config/nvim/init.lua:0
054.279  000.002  000.002: sourcing nvim_exec2() called at /home/srs/.config/nvim/init.lua:0
054.284  000.002  000.002: sourcing nvim_exec2() called at /home/srs/.config/nvim/init.lua:0
054.290  000.002  000.002: sourcing nvim_exec2() called at /home/srs/.config/nvim/init.lua:0
054.294  000.002  000.002: sourcing nvim_exec2() called at /home/srs/.config/nvim/init.lua:0
054.300  000.003  000.003: sourcing nvim_exec2() called at /home/srs/.config/nvim/init.lua:0
054.305  000.003  000.003: sourcing nvim_exec2() called at /home/srs/.config/nvim/init.lua:0
054.310  000.002  000.002: sourcing nvim_exec2() called at /home/srs/.config/nvim/init.lua:0
054.314  000.002  000.002: sourcing nvim_exec2() called at /home/srs/.config/nvim/init.lua:0
054.319  000.002  000.002: sourcing nvim_exec2() called at /home/srs/.config/nvim/init.lua:0
054.341  000.003  000.003: sourcing nvim_exec2() called at /home/srs/.config/nvim/init.lua:0
054.349  000.002  000.002: sourcing nvim_exec2() called at /home/srs/.config/nvim/init.lua:0
054.353  000.003  000.003: sourcing nvim_exec2() called at /home/srs/.config/nvim/init.lua:0
054.358  000.002  000.002: sourcing nvim_exec2() called at /home/srs/.config/nvim/init.lua:0
054.362  000.002  000.002: sourcing nvim_exec2() called at /home/srs/.config/nvim/init.lua:0
054.366  000.002  000.002: sourcing nvim_exec2() called at /home/srs/.config/nvim/init.lua:0
054.370  000.002  000.002: sourcing nvim_exec2() called at /home/srs/.config/nvim/init.lua:0
054.375  000.002  000.002: sourcing nvim_exec2() called at /home/srs/.config/nvim/init.lua:0
054.379  000.002  000.002: sourcing nvim_exec2() called at /home/srs/.config/nvim/init.lua:0
054.383  000.002  000.002: sourcing nvim_exec2() called at /home/srs/.config/nvim/init.lua:0
054.409  000.005  000.005: sourcing nvim_exec2() called at /home/srs/.config/nvim/init.lua:0
054.415  000.002  000.002: sourcing nvim_exec2() called at /home/srs/.config/nvim/init.lua:0
054.419  000.002  000.002: sourcing nvim_exec2() called at /home/srs/.config/nvim/init.lua:0
054.423  000.002  000.002: sourcing nvim_exec2() called at /home/srs/.config/nvim/init.lua:0
054.426  000.001  000.001: sourcing nvim_exec2() called at /home/srs/.config/nvim/init.lua:0
054.431  000.002  000.002: sourcing nvim_exec2() called at /home/srs/.config/nvim/init.lua:0
054.435  000.002  000.002: sourcing nvim_exec2() called at /home/srs/.config/nvim/init.lua:0
054.439  000.002  000.002: sourcing nvim_exec2() called at /home/srs/.config/nvim/init.lua:0
054.443  000.001  000.001: sourcing nvim_exec2() called at /home/srs/.config/nvim/init.lua:0
054.446  000.001  000.001: sourcing nvim_exec2() called at /home/srs/.config/nvim/init.lua:0
054.464  000.002  000.002: sourcing nvim_exec2() called at /home/srs/.config/nvim/init.lua:0
054.470  000.003  000.003: sourcing nvim_exec2() called at /home/srs/.config/nvim/init.lua:0
054.474  000.002  000.002: sourcing nvim_exec2() called at /home/srs/.config/nvim/init.lua:0
054.478  000.002  000.002: sourcing nvim_exec2() called at /home/srs/.config/nvim/init.lua:0
054.482  000.002  000.002: sourcing nvim_exec2() called at /home/srs/.config/nvim/init.lua:0
054.488  000.002  000.002: sourcing nvim_exec2() called at /home/srs/.config/nvim/init.lua:0
054.492  000.002  000.002: sourcing nvim_exec2() called at /home/srs/.config/nvim/init.lua:0
054.497  000.003  000.003: sourcing nvim_exec2() called at /home/srs/.config/nvim/init.lua:0
054.502  000.002  000.002: sourcing nvim_exec2() called at /home/srs/.config/nvim/init.lua:0
054.506  000.002  000.002: sourcing nvim_exec2() called at /home/srs/.config/nvim/init.lua:0
054.528  000.003  000.003: sourcing nvim_exec2() called at /home/srs/.config/nvim/init.lua:0
054.533  000.002  000.002: sourcing nvim_exec2() called at /home/srs/.config/nvim/init.lua:0
054.537  000.001  000.001: sourcing nvim_exec2() called at /home/srs/.config/nvim/init.lua:0
054.543  000.002  000.002: sourcing nvim_exec2() called at /home/srs/.config/nvim/init.lua:0
054.546  000.001  000.001: sourcing nvim_exec2() called at /home/srs/.config/nvim/init.lua:0
054.549  000.001  000.001: sourcing nvim_exec2() called at /home/srs/.config/nvim/init.lua:0
054.552  000.001  000.001: sourcing nvim_exec2() called at /home/srs/.config/nvim/init.lua:0
054.558  000.003  000.003: sourcing nvim_exec2() called at /home/srs/.config/nvim/init.lua:0
054.563  000.002  000.002: sourcing nvim_exec2() called at /home/srs/.config/nvim/init.lua:0
054.568  000.002  000.002: sourcing nvim_exec2() called at /home/srs/.config/nvim/init.lua:0
054.614  000.004  000.004: sourcing nvim_exec2() called at /home/srs/.config/nvim/init.lua:0
054.620  000.002  000.002: sourcing nvim_exec2() called at /home/srs/.config/nvim/init.lua:0
054.626  000.002  000.002: sourcing nvim_exec2() called at /home/srs/.config/nvim/init.lua:0
054.629  000.001  000.001: sourcing nvim_exec2() called at /home/srs/.config/nvim/init.lua:0
054.632  000.001  000.001: sourcing nvim_exec2() called at /home/srs/.config/nvim/init.lua:0
054.636  000.001  000.001: sourcing nvim_exec2() called at /home/srs/.config/nvim/init.lua:0
054.639  000.001  000.001: sourcing nvim_exec2() called at /home/srs/.config/nvim/init.lua:0
054.642  000.001  000.001: sourcing nvim_exec2() called at /home/srs/.config/nvim/init.lua:0
054.648  000.001  000.001: sourcing nvim_exec2() called at /home/srs/.config/nvim/init.lua:0
054.652  000.001  000.001: sourcing nvim_exec2() called at /home/srs/.config/nvim/init.lua:0
054.673  000.005  000.005: sourcing nvim_exec2() called at /home/srs/.config/nvim/init.lua:0
054.679  000.002  000.002: sourcing nvim_exec2() called at /home/srs/.config/nvim/init.lua:0
054.684  000.003  000.003: sourcing nvim_exec2() called at /home/srs/.config/nvim/init.lua:0
054.688  000.002  000.002: sourcing nvim_exec2() called at /home/srs/.config/nvim/init.lua:0
054.693  000.002  000.002: sourcing nvim_exec2() called at /home/srs/.config/nvim/init.lua:0
054.697  000.002  000.002: sourcing nvim_exec2() called at /home/srs/.config/nvim/init.lua:0
054.703  000.002  000.002: sourcing nvim_exec2() called at /home/srs/.config/nvim/init.lua:0
054.707  000.002  000.002: sourcing nvim_exec2() called at /home/srs/.config/nvim/init.lua:0
054.711  000.002  000.002: sourcing nvim_exec2() called at /home/srs/.config/nvim/init.lua:0
054.717  000.002  000.002: sourcing nvim_exec2() called at /home/srs/.config/nvim/init.lua:0
054.735  000.003  000.003: sourcing nvim_exec2() called at /home/srs/.config/nvim/init.lua:0
054.741  000.003  000.003: sourcing nvim_exec2() called at /home/srs/.config/nvim/init.lua:0
054.744  000.002  000.002: sourcing nvim_exec2() called at /home/srs/.config/nvim/init.lua:0
054.749  000.002  000.002: sourcing nvim_exec2() called at /home/srs/.config/nvim/init.lua:0
054.753  000.002  000.002: sourcing nvim_exec2() called at /home/srs/.config/nvim/init.lua:0
054.762  000.001  000.001: sourcing nvim_exec2() called at /home/srs/.config/nvim/init.lua:0
054.765  000.001  000.001: sourcing nvim_exec2() called at /home/srs/.config/nvim/init.lua:0
054.769  000.001  000.001: sourcing nvim_exec2() called at /home/srs/.config/nvim/init.lua:0
054.772  000.001  000.001: sourcing nvim_exec2() called at /home/srs/.config/nvim/init.lua:0
054.775  000.002  000.002: sourcing nvim_exec2() called at /home/srs/.config/nvim/init.lua:0
054.791  000.002  000.002: sourcing nvim_exec2() called at /home/srs/.config/nvim/init.lua:0
054.796  000.002  000.002: sourcing nvim_exec2() called at /home/srs/.config/nvim/init.lua:0
054.799  000.001  000.001: sourcing nvim_exec2() called at /home/srs/.config/nvim/init.lua:0
054.802  000.001  000.001: sourcing nvim_exec2() called at /home/srs/.config/nvim/init.lua:0
054.805  000.001  000.001: sourcing nvim_exec2() called at /home/srs/.config/nvim/init.lua:0
054.820  000.002  000.002: sourcing nvim_exec2() called at /home/srs/.config/nvim/init.lua:0
054.825  000.003  000.003: sourcing nvim_exec2() called at /home/srs/.config/nvim/init.lua:0
054.829  000.002  000.002: sourcing nvim_exec2() called at /home/srs/.config/nvim/init.lua:0
054.851  000.004  000.004: sourcing nvim_exec2() called at /home/srs/.config/nvim/init.lua:0
054.856  000.001  000.001: sourcing nvim_exec2() called at /home/srs/.config/nvim/init.lua:0
054.880  000.002  000.002: sourcing nvim_exec2() called at /home/srs/.config/nvim/init.lua:0
054.884  000.002  000.002: sourcing nvim_exec2() called at /home/srs/.config/nvim/init.lua:0
054.888  000.001  000.001: sourcing nvim_exec2() called at /home/srs/.config/nvim/init.lua:0
054.891  000.001  000.001: sourcing nvim_exec2() called at /home/srs/.config/nvim/init.lua:0
054.895  000.002  000.002: sourcing nvim_exec2() called at /home/srs/.config/nvim/init.lua:0
054.900  000.002  000.002: sourcing nvim_exec2() called at /home/srs/.config/nvim/init.lua:0
054.908  000.004  000.004: sourcing nvim_exec2() called at /home/srs/.config/nvim/init.lua:0
054.911  000.001  000.001: sourcing nvim_exec2() called at /home/srs/.config/nvim/init.lua:0
054.915  000.001  000.001: sourcing nvim_exec2() called at /home/srs/.config/nvim/init.lua:0
054.918  000.001  000.001: sourcing nvim_exec2() called at /home/srs/.config/nvim/init.lua:0
054.938  000.002  000.002: sourcing nvim_exec2() called at /home/srs/.config/nvim/init.lua:0
054.942  000.002  000.002: sourcing nvim_exec2() called at /home/srs/.config/nvim/init.lua:0
054.948  000.003  000.003: sourcing nvim_exec2() called at /home/srs/.config/nvim/init.lua:0
054.952  000.002  000.002: sourcing nvim_exec2() called at /home/srs/.config/nvim/init.lua:0
054.955  000.001  000.001: sourcing nvim_exec2() called at /home/srs/.config/nvim/init.lua:0
055.042  000.083  000.083: sourcing nvim_exec2() called at /home/srs/.config/nvim/init.lua:0
055.052  000.004  000.004: sourcing nvim_exec2() called at /home/srs/.config/nvim/init.lua:0
055.057  000.002  000.002: sourcing nvim_exec2() called at /home/srs/.config/nvim/init.lua:0
055.061  000.001  000.001: sourcing nvim_exec2() called at /home/srs/.config/nvim/init.lua:0
055.064  000.001  000.001: sourcing nvim_exec2() called at /home/srs/.config/nvim/init.lua:0
055.085  000.002  000.002: sourcing nvim_exec2() called at /home/srs/.config/nvim/init.lua:0
055.089  000.001  000.001: sourcing nvim_exec2() called at /home/srs/.config/nvim/init.lua:0
055.092  000.001  000.001: sourcing nvim_exec2() called at /home/srs/.config/nvim/init.lua:0
055.095  000.001  000.001: sourcing nvim_exec2() called at /home/srs/.config/nvim/init.lua:0
055.099  000.001  000.001: sourcing nvim_exec2() called at /home/srs/.config/nvim/init.lua:0
055.104  000.001  000.001: sourcing nvim_exec2() called at /home/srs/.config/nvim/init.lua:0
055.108  000.001  000.001: sourcing nvim_exec2() called at /home/srs/.config/nvim/init.lua:0
055.111  000.001  000.001: sourcing nvim_exec2() called at /home/srs/.config/nvim/init.lua:0
055.116  000.003  000.003: sourcing nvim_exec2() called at /home/srs/.config/nvim/init.lua:0
055.121  000.002  000.002: sourcing nvim_exec2() called at /home/srs/.config/nvim/init.lua:0
055.152  000.003  000.003: sourcing nvim_exec2() called at /home/srs/.config/nvim/init.lua:0
055.156  000.001  000.001: sourcing nvim_exec2() called at /home/srs/.config/nvim/init.lua:0
055.160  000.001  000.001: sourcing nvim_exec2() called at /home/srs/.config/nvim/init.lua:0
055.163  000.001  000.001: sourcing nvim_exec2() called at /home/srs/.config/nvim/init.lua:0
055.169  000.001  000.001: sourcing nvim_exec2() called at /home/srs/.config/nvim/init.lua:0
055.199  000.003  000.003: sourcing nvim_exec2() called at /home/srs/.config/nvim/init.lua:0
055.204  000.001  000.001: sourcing nvim_exec2() called at /home/srs/.config/nvim/init.lua:0
055.208  000.001  000.001: sourcing nvim_exec2() called at /home/srs/.config/nvim/init.lua:0
055.211  000.001  000.001: sourcing nvim_exec2() called at /home/srs/.config/nvim/init.lua:0
055.216  000.002  000.002: sourcing nvim_exec2() called at /home/srs/.config/nvim/init.lua:0
055.238  000.002  000.002: sourcing nvim_exec2() called at /home/srs/.config/nvim/init.lua:0
055.243  000.002  000.002: sourcing nvim_exec2() called at /home/srs/.config/nvim/init.lua:0
055.247  000.002  000.002: sourcing nvim_exec2() called at /home/srs/.config/nvim/init.lua:0
055.252  000.002  000.002: sourcing nvim_exec2() called at /home/srs/.config/nvim/init.lua:0
055.257  000.003  000.003: sourcing nvim_exec2() called at /home/srs/.config/nvim/init.lua:0
055.263  000.003  000.003: sourcing nvim_exec2() called at /home/srs/.config/nvim/init.lua:0
055.268  000.002  000.002: sourcing nvim_exec2() called at /home/srs/.config/nvim/init.lua:0
055.272  000.002  000.002: sourcing nvim_exec2() called at /home/srs/.config/nvim/init.lua:0
055.277  000.002  000.002: sourcing nvim_exec2() called at /home/srs/.config/nvim/init.lua:0
055.283  000.002  000.002: sourcing nvim_exec2() called at /home/srs/.config/nvim/init.lua:0
055.309  000.003  000.003: sourcing nvim_exec2() called at /home/srs/.config/nvim/init.lua:0
055.314  000.002  000.002: sourcing nvim_exec2() called at /home/srs/.config/nvim/init.lua:0
055.318  000.002  000.002: sourcing nvim_exec2() called at /home/srs/.config/nvim/init.lua:0
055.323  000.002  000.002: sourcing nvim_exec2() called at /home/srs/.config/nvim/init.lua:0
055.327  000.002  000.002: sourcing nvim_exec2() called at /home/srs/.config/nvim/init.lua:0
055.332  000.002  000.002: sourcing nvim_exec2() called at /home/srs/.config/nvim/init.lua:0
055.336  000.002  000.002: sourcing nvim_exec2() called at /home/srs/.config/nvim/init.lua:0
055.345  000.002  000.002: sourcing nvim_exec2() called at /home/srs/.config/nvim/init.lua:0
055.349  000.002  000.002: sourcing nvim_exec2() called at /home/srs/.config/nvim/init.lua:0
055.354  000.002  000.002: sourcing nvim_exec2() called at /home/srs/.config/nvim/init.lua:0
055.373  000.002  000.002: sourcing nvim_exec2() called at /home/srs/.config/nvim/init.lua:0
055.377  000.001  000.001: sourcing nvim_exec2() called at /home/srs/.config/nvim/init.lua:0
055.382  000.001  000.001: sourcing nvim_exec2() called at /home/srs/.config/nvim/init.lua:0
055.386  000.001  000.001: sourcing nvim_exec2() called at /home/srs/.config/nvim/init.lua:0
055.389  000.001  000.001: sourcing nvim_exec2() called at /home/srs/.config/nvim/init.lua:0
055.392  000.001  000.001: sourcing nvim_exec2() called at /home/srs/.config/nvim/init.lua:0
055.396  000.001  000.001: sourcing nvim_exec2() called at /home/srs/.config/nvim/init.lua:0
055.402  000.002  000.002: sourcing nvim_exec2() called at /home/srs/.config/nvim/init.lua:0
055.405  000.001  000.001: sourcing nvim_exec2() called at /home/srs/.config/nvim/init.lua:0
055.409  000.001  000.001: sourcing nvim_exec2() called at /home/srs/.config/nvim/init.lua:0
055.438  000.004  000.004: sourcing nvim_exec2() called at /home/srs/.config/nvim/init.lua:0
055.444  000.003  000.003: sourcing nvim_exec2() called at /home/srs/.config/nvim/init.lua:0
055.448  000.002  000.002: sourcing nvim_exec2() called at /home/srs/.config/nvim/init.lua:0
055.453  000.002  000.002: sourcing nvim_exec2() called at /home/srs/.config/nvim/init.lua:0
055.458  000.002  000.002: sourcing nvim_exec2() called at /home/srs/.config/nvim/init.lua:0
055.464  000.002  000.002: sourcing nvim_exec2() called at /home/srs/.config/nvim/init.lua:0
055.469  000.002  000.002: sourcing nvim_exec2() called at /home/srs/.config/nvim/init.lua:0
055.473  000.001  000.001: sourcing nvim_exec2() called at /home/srs/.config/nvim/init.lua:0
055.476  000.001  000.001: sourcing nvim_exec2() called at /home/srs/.config/nvim/init.lua:0
055.481  000.001  000.001: sourcing nvim_exec2() called at /home/srs/.config/nvim/init.lua:0
055.499  000.002  000.002: sourcing nvim_exec2() called at /home/srs/.config/nvim/init.lua:0
055.504  000.002  000.002: sourcing nvim_exec2() called at /home/srs/.config/nvim/init.lua:0
055.508  000.001  000.001: sourcing nvim_exec2() called at /home/srs/.config/nvim/init.lua:0
055.512  000.002  000.002: sourcing nvim_exec2() called at /home/srs/.config/nvim/init.lua:0
055.518  000.002  000.002: sourcing nvim_exec2() called at /home/srs/.config/nvim/init.lua:0
055.551  000.004  000.004: sourcing nvim_exec2() called at /home/srs/.config/nvim/init.lua:0
055.572  000.002  000.002: sourcing nvim_exec2() called at /home/srs/.config/nvim/init.lua:0
055.577  000.003  000.003: sourcing nvim_exec2() called at /home/srs/.config/nvim/init.lua:0
055.598  000.002  000.002: sourcing nvim_exec2() called at /home/srs/.config/nvim/init.lua:0
055.604  000.002  000.002: sourcing nvim_exec2() called at /home/srs/.config/nvim/init.lua:0
055.633  000.004  000.004: sourcing nvim_exec2() called at /home/srs/.config/nvim/init.lua:0
055.638  000.002  000.002: sourcing nvim_exec2() called at /home/srs/.config/nvim/init.lua:0
055.642  000.001  000.001: sourcing nvim_exec2() called at /home/srs/.config/nvim/init.lua:0
055.647  000.002  000.002: sourcing nvim_exec2() called at /home/srs/.config/nvim/init.lua:0
055.651  000.001  000.001: sourcing nvim_exec2() called at /home/srs/.config/nvim/init.lua:0
055.654  000.001  000.001: sourcing nvim_exec2() called at /home/srs/.config/nvim/init.lua:0
055.658  000.002  000.002: sourcing nvim_exec2() called at /home/srs/.config/nvim/init.lua:0
055.663  000.002  000.002: sourcing nvim_exec2() called at /home/srs/.config/nvim/init.lua:0
055.668  000.003  000.003: sourcing nvim_exec2() called at /home/srs/.config/nvim/init.lua:0
055.674  000.003  000.003: sourcing nvim_exec2() called at /home/srs/.config/nvim/init.lua:0
055.700  000.004  000.004: sourcing nvim_exec2() called at /home/srs/.config/nvim/init.lua:0
055.706  000.003  000.003: sourcing nvim_exec2() called at /home/srs/.config/nvim/init.lua:0
055.711  000.003  000.003: sourcing nvim_exec2() called at /home/srs/.config/nvim/init.lua:0
055.715  000.002  000.002: sourcing nvim_exec2() called at /home/srs/.config/nvim/init.lua:0
055.720  000.002  000.002: sourcing nvim_exec2() called at /home/srs/.config/nvim/init.lua:0
055.724  000.002  000.002: sourcing nvim_exec2() called at /home/srs/.config/nvim/init.lua:0
055.728  000.002  000.002: sourcing nvim_exec2() called at /home/srs/.config/nvim/init.lua:0
055.732  000.002  000.002: sourcing nvim_exec2() called at /home/srs/.config/nvim/init.lua:0
055.736  000.002  000.002: sourcing nvim_exec2() called at /home/srs/.config/nvim/init.lua:0
055.744  000.003  000.003: sourcing nvim_exec2() called at /home/srs/.config/nvim/init.lua:0
055.766  000.003  000.003: sourcing nvim_exec2() called at /home/srs/.config/nvim/init.lua:0
055.772  000.003  000.003: sourcing nvim_exec2() called at /home/srs/.config/nvim/init.lua:0
055.777  000.003  000.003: sourcing nvim_exec2() called at /home/srs/.config/nvim/init.lua:0
055.781  000.002  000.002: sourcing nvim_exec2() called at /home/srs/.config/nvim/init.lua:0
055.786  000.002  000.002: sourcing nvim_exec2() called at /home/srs/.config/nvim/init.lua:0
055.789  000.001  000.001: sourcing nvim_exec2() called at /home/srs/.config/nvim/init.lua:0
055.795  000.003  000.003: sourcing nvim_exec2() called at /home/srs/.config/nvim/init.lua:0
055.803  000.003  000.003: sourcing nvim_exec2() called at /home/srs/.config/nvim/init.lua:0
055.809  000.003  000.003: sourcing nvim_exec2() called at /home/srs/.config/nvim/init.lua:0
055.814  000.003  000.003: sourcing nvim_exec2() called at /home/srs/.config/nvim/init.lua:0
055.860  000.004  000.004: sourcing nvim_exec2() called at /home/srs/.config/nvim/init.lua:0
055.879  000.013  000.013: sourcing nvim_exec2() called at /home/srs/.config/nvim/init.lua:0
055.883  000.002  000.002: sourcing nvim_exec2() called at /home/srs/.config/nvim/init.lua:0
055.889  000.003  000.003: sourcing nvim_exec2() called at /home/srs/.config/nvim/init.lua:0
055.893  000.001  000.001: sourcing nvim_exec2() called at /home/srs/.config/nvim/init.lua:0
055.897  000.002  000.002: sourcing nvim_exec2() called at /home/srs/.config/nvim/init.lua:0
055.902  000.003  000.003: sourcing nvim_exec2() called at /home/srs/.config/nvim/init.lua:0
055.908  000.003  000.003: sourcing nvim_exec2() called at /home/srs/.config/nvim/init.lua:0
055.913  000.003  000.003: sourcing nvim_exec2() called at /home/srs/.config/nvim/init.lua:0
055.918  000.003  000.003: sourcing nvim_exec2() called at /home/srs/.config/nvim/init.lua:0
055.945  000.005  000.005: sourcing nvim_exec2() called at /home/srs/.config/nvim/init.lua:0
055.951  000.003  000.003: sourcing nvim_exec2() called at /home/srs/.config/nvim/init.lua:0
055.956  000.002  000.002: sourcing nvim_exec2() called at /home/srs/.config/nvim/init.lua:0
055.962  000.002  000.002: sourcing nvim_exec2() called at /home/srs/.config/nvim/init.lua:0
055.967  000.002  000.002: sourcing nvim_exec2() called at /home/srs/.config/nvim/init.lua:0
055.970  000.001  000.001: sourcing nvim_exec2() called at /home/srs/.config/nvim/init.lua:0
055.976  000.002  000.002: sourcing nvim_exec2() called at /home/srs/.config/nvim/init.lua:0
056.045  000.067  000.067: sourcing nvim_exec2() called at /home/srs/.config/nvim/init.lua:0
056.059  000.004  000.004: sourcing nvim_exec2() called at /home/srs/.config/nvim/init.lua:0
056.068  000.002  000.002: sourcing nvim_exec2() called at /home/srs/.config/nvim/init.lua:0
056.092  000.003  000.003: sourcing nvim_exec2() called at /home/srs/.config/nvim/init.lua:0
056.097  000.002  000.002: sourcing nvim_exec2() called at /home/srs/.config/nvim/init.lua:0
056.101  000.001  000.001: sourcing nvim_exec2() called at /home/srs/.config/nvim/init.lua:0
056.107  000.003  000.003: sourcing nvim_exec2() called at /home/srs/.config/nvim/init.lua:0
056.112  000.003  000.003: sourcing nvim_exec2() called at /home/srs/.config/nvim/init.lua:0
056.117  000.002  000.002: sourcing nvim_exec2() called at /home/srs/.config/nvim/init.lua:0
056.121  000.002  000.002: sourcing nvim_exec2() called at /home/srs/.config/nvim/init.lua:0
056.125  000.002  000.002: sourcing nvim_exec2() called at /home/srs/.config/nvim/init.lua:0
056.132  000.002  000.002: sourcing nvim_exec2() called at /home/srs/.config/nvim/init.lua:0
056.137  000.002  000.002: sourcing nvim_exec2() called at /home/srs/.config/nvim/init.lua:0
056.154  000.002  000.002: sourcing nvim_exec2() called at /home/srs/.config/nvim/init.lua:0
056.161  000.003  000.003: sourcing nvim_exec2() called at /home/srs/.config/nvim/init.lua:0
056.165  000.002  000.002: sourcing nvim_exec2() called at /home/srs/.config/nvim/init.lua:0
056.171  000.002  000.002: sourcing nvim_exec2() called at /home/srs/.config/nvim/init.lua:0
056.174  000.001  000.001: sourcing nvim_exec2() called at /home/srs/.config/nvim/init.lua:0
056.179  000.003  000.003: sourcing nvim_exec2() called at /home/srs/.config/nvim/init.lua:0
056.184  000.002  000.002: sourcing nvim_exec2() called at /home/srs/.config/nvim/init.lua:0
056.191  000.002  000.002: sourcing nvim_exec2() called at /home/srs/.config/nvim/init.lua:0
056.196  000.002  000.002: sourcing nvim_exec2() called at /home/srs/.config/nvim/init.lua:0
056.201  000.002  000.002: sourcing nvim_exec2() called at /home/srs/.config/nvim/init.lua:0
056.222  000.003  000.003: sourcing nvim_exec2() called at /home/srs/.config/nvim/init.lua:0
056.228  000.002  000.002: sourcing nvim_exec2() called at /home/srs/.config/nvim/init.lua:0
056.232  000.002  000.002: sourcing nvim_exec2() called at /home/srs/.config/nvim/init.lua:0
056.236  000.001  000.001: sourcing nvim_exec2() called at /home/srs/.config/nvim/init.lua:0
056.239  000.001  000.001: sourcing nvim_exec2() called at /home/srs/.config/nvim/init.lua:0
056.242  000.001  000.001: sourcing nvim_exec2() called at /home/srs/.config/nvim/init.lua:0
056.248  000.001  000.001: sourcing nvim_exec2() called at /home/srs/.config/nvim/init.lua:0
056.253  000.002  000.002: sourcing nvim_exec2() called at /home/srs/.config/nvim/init.lua:0
056.256  000.001  000.001: sourcing nvim_exec2() called at /home/srs/.config/nvim/init.lua:0
056.259  000.001  000.001: sourcing nvim_exec2() called at /home/srs/.config/nvim/init.lua:0
056.276  000.002  000.002: sourcing nvim_exec2() called at /home/srs/.config/nvim/init.lua:0
056.280  000.001  000.001: sourcing nvim_exec2() called at /home/srs/.config/nvim/init.lua:0
056.285  000.002  000.002: sourcing nvim_exec2() called at /home/srs/.config/nvim/init.lua:0
056.289  000.002  000.002: sourcing nvim_exec2() called at /home/srs/.config/nvim/init.lua:0
056.312  000.003  000.003: sourcing nvim_exec2() called at /home/srs/.config/nvim/init.lua:0
056.319  000.002  000.002: sourcing nvim_exec2() called at /home/srs/.config/nvim/init.lua:0
056.324  000.002  000.002: sourcing nvim_exec2() called at /home/srs/.config/nvim/init.lua:0
056.328  000.002  000.002: sourcing nvim_exec2() called at /home/srs/.config/nvim/init.lua:0
056.366  000.005  000.005: sourcing nvim_exec2() called at /home/srs/.config/nvim/init.lua:0
056.373  000.003  000.003: sourcing nvim_exec2() called at /home/srs/.config/nvim/init.lua:0
056.397  000.004  000.004: sourcing nvim_exec2() called at /home/srs/.config/nvim/init.lua:0
056.402  000.001  000.001: sourcing nvim_exec2() called at /home/srs/.config/nvim/init.lua:0
056.407  000.003  000.003: sourcing nvim_exec2() called at /home/srs/.config/nvim/init.lua:0
056.413  000.003  000.003: sourcing nvim_exec2() called at /home/srs/.config/nvim/init.lua:0
056.418  000.002  000.002: sourcing nvim_exec2() called at /home/srs/.config/nvim/init.lua:0
056.422  000.002  000.002: sourcing nvim_exec2() called at /home/srs/.config/nvim/init.lua:0
056.427  000.002  000.002: sourcing nvim_exec2() called at /home/srs/.config/nvim/init.lua:0
056.430  000.001  000.001: sourcing nvim_exec2() called at /home/srs/.config/nvim/init.lua:0
056.434  000.001  000.001: sourcing nvim_exec2() called at /home/srs/.config/nvim/init.lua:0
056.438  000.001  000.001: sourcing nvim_exec2() called at /home/srs/.config/nvim/init.lua:0
056.456  000.002  000.002: sourcing nvim_exec2() called at /home/srs/.config/nvim/init.lua:0
056.461  000.001  000.001: sourcing nvim_exec2() called at /home/srs/.config/nvim/init.lua:0
056.465  000.001  000.001: sourcing nvim_exec2() called at /home/srs/.config/nvim/init.lua:0
056.468  000.001  000.001: sourcing nvim_exec2() called at /home/srs/.config/nvim/init.lua:0
056.472  000.001  000.001: sourcing nvim_exec2() called at /home/srs/.config/nvim/init.lua:0
056.475  000.001  000.001: sourcing nvim_exec2() called at /home/srs/.config/nvim/init.lua:0
056.480  000.002  000.002: sourcing nvim_exec2() called at /home/srs/.config/nvim/init.lua:0
056.485  000.002  000.002: sourcing nvim_exec2() called at /home/srs/.config/nvim/init.lua:0
056.489  000.003  000.003: sourcing nvim_exec2() called at /home/srs/.config/nvim/init.lua:0
056.494  000.002  000.002: sourcing nvim_exec2() called at /home/srs/.config/nvim/init.lua:0
056.517  000.003  000.003: sourcing nvim_exec2() called at /home/srs/.config/nvim/init.lua:0
056.524  000.002  000.002: sourcing nvim_exec2() called at /home/srs/.config/nvim/init.lua:0
056.528  000.002  000.002: sourcing nvim_exec2() called at /home/srs/.config/nvim/init.lua:0
056.532  000.002  000.002: sourcing nvim_exec2() called at /home/srs/.config/nvim/init.lua:0
056.537  000.002  000.002: sourcing nvim_exec2() called at /home/srs/.config/nvim/init.lua:0
056.541  000.002  000.002: sourcing nvim_exec2() called at /home/srs/.config/nvim/init.lua:0
056.545  000.002  000.002: sourcing nvim_exec2() called at /home/srs/.config/nvim/init.lua:0
056.557  000.002  000.002: sourcing nvim_exec2() called at /home/srs/.config/nvim/init.lua:0
056.563  000.002  000.002: sourcing nvim_exec2() called at /home/srs/.config/nvim/init.lua:0
056.569  000.002  000.002: sourcing nvim_exec2() called at /home/srs/.config/nvim/init.lua:0
056.589  000.003  000.003: sourcing nvim_exec2() called at /home/srs/.config/nvim/init.lua:0
056.594  000.001  000.001: sourcing nvim_exec2() called at /home/srs/.config/nvim/init.lua:0
056.599  000.002  000.002: sourcing nvim_exec2() called at /home/srs/.config/nvim/init.lua:0
056.604  000.002  000.002: sourcing nvim_exec2() called at /home/srs/.config/nvim/init.lua:0
056.608  000.002  000.002: sourcing nvim_exec2() called at /home/srs/.config/nvim/init.lua:0
056.612  000.002  000.002: sourcing nvim_exec2() called at /home/srs/.config/nvim/init.lua:0
056.618  000.001  000.001: sourcing nvim_exec2() called at /home/srs/.config/nvim/init.lua:0
056.623  000.002  000.002: sourcing nvim_exec2() called at /home/srs/.config/nvim/init.lua:0
056.626  000.001  000.001: sourcing nvim_exec2() called at /home/srs/.config/nvim/init.lua:0
056.633  000.002  000.002: sourcing nvim_exec2() called at /home/srs/.config/nvim/init.lua:0
056.652  000.003  000.003: sourcing nvim_exec2() called at /home/srs/.config/nvim/init.lua:0
056.658  000.002  000.002: sourcing nvim_exec2() called at /home/srs/.config/nvim/init.lua:0
056.662  000.002  000.002: sourcing nvim_exec2() called at /home/srs/.config/nvim/init.lua:0
056.675  000.002  000.002: sourcing nvim_exec2() called at /home/srs/.config/nvim/init.lua:0
056.680  000.002  000.002: sourcing nvim_exec2() called at /home/srs/.config/nvim/init.lua:0
056.687  000.002  000.002: sourcing nvim_exec2() called at /home/srs/.config/nvim/init.lua:0
056.693  000.002  000.002: sourcing nvim_exec2() called at /home/srs/.config/nvim/init.lua:0
056.697  000.002  000.002: sourcing nvim_exec2() called at /home/srs/.config/nvim/init.lua:0
056.703  000.002  000.002: sourcing nvim_exec2() called at /home/srs/.config/nvim/init.lua:0
056.707  000.002  000.002: sourcing nvim_exec2() called at /home/srs/.config/nvim/init.lua:0
056.728  000.003  000.003: sourcing nvim_exec2() called at /home/srs/.config/nvim/init.lua:0
056.733  000.002  000.002: sourcing nvim_exec2() called at /home/srs/.config/nvim/init.lua:0
056.737  000.002  000.002: sourcing nvim_exec2() called at /home/srs/.config/nvim/init.lua:0
056.745  000.002  000.002: sourcing nvim_exec2() called at /home/srs/.config/nvim/init.lua:0
056.750  000.003  000.003: sourcing nvim_exec2() called at /home/srs/.config/nvim/init.lua:0
056.756  000.002  000.002: sourcing nvim_exec2() called at /home/srs/.config/nvim/init.lua:0
056.761  000.002  000.002: sourcing nvim_exec2() called at /home/srs/.config/nvim/init.lua:0
056.766  000.002  000.002: sourcing nvim_exec2() called at /home/srs/.config/nvim/init.lua:0
056.770  000.001  000.001: sourcing nvim_exec2() called at /home/srs/.config/nvim/init.lua:0
056.774  000.001  000.001: sourcing nvim_exec2() called at /home/srs/.config/nvim/init.lua:0
056.792  000.002  000.002: sourcing nvim_exec2() called at /home/srs/.config/nvim/init.lua:0
056.796  000.001  000.001: sourcing nvim_exec2() called at /home/srs/.config/nvim/init.lua:0
056.801  000.001  000.001: sourcing nvim_exec2() called at /home/srs/.config/nvim/init.lua:0
056.805  000.001  000.001: sourcing nvim_exec2() called at /home/srs/.config/nvim/init.lua:0
056.811  000.001  000.001: sourcing nvim_exec2() called at /home/srs/.config/nvim/init.lua:0
056.814  000.001  000.001: sourcing nvim_exec2() called at /home/srs/.config/nvim/init.lua:0
056.817  000.001  000.001: sourcing nvim_exec2() called at /home/srs/.config/nvim/init.lua:0
056.822  000.002  000.002: sourcing nvim_exec2() called at /home/srs/.config/nvim/init.lua:0
056.826  000.002  000.002: sourcing nvim_exec2() called at /home/srs/.config/nvim/init.lua:0
056.830  000.001  000.001: sourcing nvim_exec2() called at /home/srs/.config/nvim/init.lua:0
056.848  000.002  000.002: sourcing nvim_exec2() called at /home/srs/.config/nvim/init.lua:0
056.852  000.001  000.001: sourcing nvim_exec2() called at /home/srs/.config/nvim/init.lua:0
056.857  000.001  000.001: sourcing nvim_exec2() called at /home/srs/.config/nvim/init.lua:0
056.861  000.001  000.001: sourcing nvim_exec2() called at /home/srs/.config/nvim/init.lua:0
056.866  000.001  000.001: sourcing nvim_exec2() called at /home/srs/.config/nvim/init.lua:0
056.869  000.001  000.001: sourcing nvim_exec2() called at /home/srs/.config/nvim/init.lua:0
056.873  000.001  000.001: sourcing nvim_exec2() called at /home/srs/.config/nvim/init.lua:0
056.877  000.001  000.001: sourcing nvim_exec2() called at /home/srs/.config/nvim/init.lua:0
056.880  000.001  000.001: sourcing nvim_exec2() called at /home/srs/.config/nvim/init.lua:0
056.883  000.001  000.001: sourcing nvim_exec2() called at /home/srs/.config/nvim/init.lua:0
056.900  000.002  000.002: sourcing nvim_exec2() called at /home/srs/.config/nvim/init.lua:0
056.904  000.001  000.001: sourcing nvim_exec2() called at /home/srs/.config/nvim/init.lua:0
056.922  000.002  000.002: sourcing nvim_exec2() called at /home/srs/.config/nvim/init.lua:0
056.928  000.001  000.001: sourcing nvim_exec2() called at /home/srs/.config/nvim/init.lua:0
056.935  000.001  000.001: sourcing nvim_exec2() called at /home/srs/.config/nvim/init.lua:0
056.939  000.001  000.001: sourcing nvim_exec2() called at /home/srs/.config/nvim/init.lua:0
056.942  000.001  000.001: sourcing nvim_exec2() called at /home/srs/.config/nvim/init.lua:0
056.947  000.001  000.001: sourcing nvim_exec2() called at /home/srs/.config/nvim/init.lua:0
056.950  000.001  000.001: sourcing nvim_exec2() called at /home/srs/.config/nvim/init.lua:0
056.953  000.001  000.001: sourcing nvim_exec2() called at /home/srs/.config/nvim/init.lua:0
056.972  000.002  000.002: sourcing nvim_exec2() called at /home/srs/.config/nvim/init.lua:0
056.976  000.001  000.001: sourcing nvim_exec2() called at /home/srs/.config/nvim/init.lua:0
056.979  000.001  000.001: sourcing nvim_exec2() called at /home/srs/.config/nvim/init.lua:0
056.990  000.002  000.002: sourcing nvim_exec2() called at /home/srs/.config/nvim/init.lua:0
057.007  000.010  000.010: sourcing nvim_exec2() called at /home/srs/.config/nvim/init.lua:0
057.032  000.006  000.006: sourcing nvim_exec2() called at /home/srs/.config/nvim/init.lua:0
057.040  000.003  000.003: sourcing nvim_exec2() called at /home/srs/.config/nvim/init.lua:0
057.045  000.002  000.002: sourcing nvim_exec2() called at /home/srs/.config/nvim/init.lua:0
057.049  000.002  000.002: sourcing nvim_exec2() called at /home/srs/.config/nvim/init.lua:0
057.054  000.002  000.002: sourcing nvim_exec2() called at /home/srs/.config/nvim/init.lua:0
057.090  000.003  000.003: sourcing nvim_exec2() called at /home/srs/.config/nvim/init.lua:0
057.098  000.002  000.002: sourcing nvim_exec2() called at /home/srs/.config/nvim/init.lua:0
057.102  000.001  000.001: sourcing nvim_exec2() called at /home/srs/.config/nvim/init.lua:0
057.107  000.002  000.002: sourcing nvim_exec2() called at /home/srs/.config/nvim/init.lua:0
057.110  000.001  000.001: sourcing nvim_exec2() called at /home/srs/.config/nvim/init.lua:0
057.113  000.001  000.001: sourcing nvim_exec2() called at /home/srs/.config/nvim/init.lua:0
057.118  000.002  000.002: sourcing nvim_exec2() called at /home/srs/.config/nvim/init.lua:0
057.122  000.001  000.001: sourcing nvim_exec2() called at /home/srs/.config/nvim/init.lua:0
057.125  000.001  000.001: sourcing nvim_exec2() called at /home/srs/.config/nvim/init.lua:0
057.130  000.002  000.002: sourcing nvim_exec2() called at /home/srs/.config/nvim/init.lua:0
057.151  000.002  000.002: sourcing nvim_exec2() called at /home/srs/.config/nvim/init.lua:0
057.158  000.002  000.002: sourcing nvim_exec2() called at /home/srs/.config/nvim/init.lua:0
057.165  000.003  000.003: sourcing nvim_exec2() called at /home/srs/.config/nvim/init.lua:0
057.170  000.003  000.003: sourcing nvim_exec2() called at /home/srs/.config/nvim/init.lua:0
057.178  000.004  000.004: sourcing nvim_exec2() called at /home/srs/.config/nvim/init.lua:0
057.184  000.003  000.003: sourcing nvim_exec2() called at /home/srs/.config/nvim/init.lua:0
057.188  000.002  000.002: sourcing nvim_exec2() called at /home/srs/.config/nvim/init.lua:0
057.194  000.002  000.002: sourcing nvim_exec2() called at /home/srs/.config/nvim/init.lua:0
057.199  000.002  000.002: sourcing nvim_exec2() called at /home/srs/.config/nvim/init.lua:0
057.205  000.002  000.002: sourcing nvim_exec2() called at /home/srs/.config/nvim/init.lua:0
057.229  000.004  000.004: sourcing nvim_exec2() called at /home/srs/.config/nvim/init.lua:0
057.236  000.002  000.002: sourcing nvim_exec2() called at /home/srs/.config/nvim/init.lua:0
057.240  000.002  000.002: sourcing nvim_exec2() called at /home/srs/.config/nvim/init.lua:0
057.245  000.002  000.002: sourcing nvim_exec2() called at /home/srs/.config/nvim/init.lua:0
057.249  000.002  000.002: sourcing nvim_exec2() called at /home/srs/.config/nvim/init.lua:0
057.255  000.002  000.002: sourcing nvim_exec2() called at /home/srs/.config/nvim/init.lua:0
057.260  000.001  000.001: sourcing nvim_exec2() called at /home/srs/.config/nvim/init.lua:0
057.264  000.002  000.002: sourcing nvim_exec2() called at /home/srs/.config/nvim/init.lua:0
057.271  000.002  000.002: sourcing nvim_exec2() called at /home/srs/.config/nvim/init.lua:0
057.279  000.002  000.002: sourcing nvim_exec2() called at /home/srs/.config/nvim/init.lua:0
057.301  000.003  000.003: sourcing nvim_exec2() called at /home/srs/.config/nvim/init.lua:0
057.307  000.002  000.002: sourcing nvim_exec2() called at /home/srs/.config/nvim/init.lua:0
057.311  000.002  000.002: sourcing nvim_exec2() called at /home/srs/.config/nvim/init.lua:0
057.320  000.002  000.002: sourcing nvim_exec2() called at /home/srs/.config/nvim/init.lua:0
057.324  000.002  000.002: sourcing nvim_exec2() called at /home/srs/.config/nvim/init.lua:0
057.328  000.002  000.002: sourcing nvim_exec2() called at /home/srs/.config/nvim/init.lua:0
057.336  000.002  000.002: sourcing nvim_exec2() called at /home/srs/.config/nvim/init.lua:0
057.341  000.002  000.002: sourcing nvim_exec2() called at /home/srs/.config/nvim/init.lua:0
057.346  000.002  000.002: sourcing nvim_exec2() called at /home/srs/.config/nvim/init.lua:0
057.351  000.002  000.002: sourcing nvim_exec2() called at /home/srs/.config/nvim/init.lua:0
057.369  000.002  000.002: sourcing nvim_exec2() called at /home/srs/.config/nvim/init.lua:0
057.373  000.002  000.002: sourcing nvim_exec2() called at /home/srs/.config/nvim/init.lua:0
057.377  000.001  000.001: sourcing nvim_exec2() called at /home/srs/.config/nvim/init.lua:0
057.380  000.001  000.001: sourcing nvim_exec2() called at /home/srs/.config/nvim/init.lua:0
057.385  000.001  000.001: sourcing nvim_exec2() called at /home/srs/.config/nvim/init.lua:0
057.392  000.002  000.002: sourcing nvim_exec2() called at /home/srs/.config/nvim/init.lua:0
057.398  000.002  000.002: sourcing nvim_exec2() called at /home/srs/.config/nvim/init.lua:0
057.401  000.001  000.001: sourcing nvim_exec2() called at /home/srs/.config/nvim/init.lua:0
057.405  000.001  000.001: sourcing nvim_exec2() called at /home/srs/.config/nvim/init.lua:0
057.410  000.002  000.002: sourcing nvim_exec2() called at /home/srs/.config/nvim/init.lua:0
057.430  000.003  000.003: sourcing nvim_exec2() called at /home/srs/.config/nvim/init.lua:0
057.436  000.001  000.001: sourcing nvim_exec2() called at /home/srs/.config/nvim/init.lua:0
057.439  000.001  000.001: sourcing nvim_exec2() called at /home/srs/.config/nvim/init.lua:0
057.443  000.001  000.001: sourcing nvim_exec2() called at /home/srs/.config/nvim/init.lua:0
057.448  000.002  000.002: sourcing nvim_exec2() called at /home/srs/.config/nvim/init.lua:0
057.454  000.002  000.002: sourcing nvim_exec2() called at /home/srs/.config/nvim/init.lua:0
057.457  000.001  000.001: sourcing nvim_exec2() called at /home/srs/.config/nvim/init.lua:0
057.463  000.002  000.002: sourcing nvim_exec2() called at /home/srs/.config/nvim/init.lua:0
057.467  000.002  000.002: sourcing nvim_exec2() called at /home/srs/.config/nvim/init.lua:0
057.471  000.002  000.002: sourcing nvim_exec2() called at /home/srs/.config/nvim/init.lua:0
057.489  000.002  000.002: sourcing nvim_exec2() called at /home/srs/.config/nvim/init.lua:0
057.493  000.001  000.001: sourcing nvim_exec2() called at /home/srs/.config/nvim/init.lua:0
057.498  000.002  000.002: sourcing nvim_exec2() called at /home/srs/.config/nvim/init.lua:0
057.504  000.002  000.002: sourcing nvim_exec2() called at /home/srs/.config/nvim/init.lua:0
057.510  000.002  000.002: sourcing nvim_exec2() called at /home/srs/.config/nvim/init.lua:0
057.514  000.002  000.002: sourcing nvim_exec2() called at /home/srs/.config/nvim/init.lua:0
057.520  000.002  000.002: sourcing nvim_exec2() called at /home/srs/.config/nvim/init.lua:0
057.525  000.002  000.002: sourcing nvim_exec2() called at /home/srs/.config/nvim/init.lua:0
057.529  000.002  000.002: sourcing nvim_exec2() called at /home/srs/.config/nvim/init.lua:0
057.534  000.002  000.002: sourcing nvim_exec2() called at /home/srs/.config/nvim/init.lua:0
057.554  000.003  000.003: sourcing nvim_exec2() called at /home/srs/.config/nvim/init.lua:0
057.577  000.003  000.003: sourcing nvim_exec2() called at /home/srs/.config/nvim/init.lua:0
057.584  000.002  000.002: sourcing nvim_exec2() called at /home/srs/.config/nvim/init.lua:0
057.590  000.002  000.002: sourcing nvim_exec2() called at /home/srs/.config/nvim/init.lua:0
057.594  000.002  000.002: sourcing nvim_exec2() called at /home/srs/.config/nvim/init.lua:0
057.599  000.002  000.002: sourcing nvim_exec2() called at /home/srs/.config/nvim/init.lua:0
057.604  000.003  000.003: sourcing nvim_exec2() called at /home/srs/.config/nvim/init.lua:0
057.609  000.003  000.003: sourcing nvim_exec2() called at /home/srs/.config/nvim/init.lua:0
057.617  000.002  000.002: sourcing nvim_exec2() called at /home/srs/.config/nvim/init.lua:0
057.621  000.002  000.002: sourcing nvim_exec2() called at /home/srs/.config/nvim/init.lua:0
057.648  000.004  000.004: sourcing nvim_exec2() called at /home/srs/.config/nvim/init.lua:0
057.682  000.004  000.004: sourcing nvim_exec2() called at /home/srs/.config/nvim/init.lua:0
057.690  000.002  000.002: sourcing nvim_exec2() called at /home/srs/.config/nvim/init.lua:0
057.695  000.002  000.002: sourcing nvim_exec2() called at /home/srs/.config/nvim/init.lua:0
057.700  000.002  000.002: sourcing nvim_exec2() called at /home/srs/.config/nvim/init.lua:0
057.705  000.002  000.002: sourcing nvim_exec2() called at /home/srs/.config/nvim/init.lua:0
057.709  000.002  000.002: sourcing nvim_exec2() called at /home/srs/.config/nvim/init.lua:0
057.722  000.002  000.002: sourcing nvim_exec2() called at /home/srs/.config/nvim/init.lua:0
057.726  000.002  000.002: sourcing nvim_exec2() called at /home/srs/.config/nvim/init.lua:0
057.730  000.002  000.002: sourcing nvim_exec2() called at /home/srs/.config/nvim/init.lua:0
057.766  000.005  000.005: sourcing nvim_exec2() called at /home/srs/.config/nvim/init.lua:0
057.773  000.002  000.002: sourcing nvim_exec2() called at /home/srs/.config/nvim/init.lua:0
057.777  000.002  000.002: sourcing nvim_exec2() called at /home/srs/.config/nvim/init.lua:0
057.781  000.001  000.001: sourcing nvim_exec2() called at /home/srs/.config/nvim/init.lua:0
057.787  000.003  000.003: sourcing nvim_exec2() called at /home/srs/.config/nvim/init.lua:0
057.941  000.149  000.149: sourcing nvim_exec2() called at /home/srs/.config/nvim/init.lua:0
057.950  000.004  000.004: sourcing nvim_exec2() called at /home/srs/.config/nvim/init.lua:0
057.956  000.002  000.002: sourcing nvim_exec2() called at /home/srs/.config/nvim/init.lua:0
057.960  000.001  000.001: sourcing nvim_exec2() called at /home/srs/.config/nvim/init.lua:0
057.963  000.001  000.001: sourcing nvim_exec2() called at /home/srs/.config/nvim/init.lua:0
057.983  000.002  000.002: sourcing nvim_exec2() called at /home/srs/.config/nvim/init.lua:0
057.990  000.003  000.003: sourcing nvim_exec2() called at /home/srs/.config/nvim/init.lua:0
057.995  000.003  000.003: sourcing nvim_exec2() called at /home/srs/.config/nvim/init.lua:0
058.007  000.009  000.009: sourcing nvim_exec2() called at /home/srs/.config/nvim/init.lua:0
058.019  000.004  000.004: sourcing nvim_exec2() called at /home/srs/.config/nvim/init.lua:0
058.027  000.003  000.003: sourcing nvim_exec2() called at /home/srs/.config/nvim/init.lua:0
058.034  000.002  000.002: sourcing nvim_exec2() called at /home/srs/.config/nvim/init.lua:0
058.040  000.004  000.004: sourcing nvim_exec2() called at /home/srs/.config/nvim/init.lua:0
058.045  000.002  000.002: sourcing nvim_exec2() called at /home/srs/.config/nvim/init.lua:0
058.051  000.002  000.002: sourcing nvim_exec2() called at /home/srs/.config/nvim/init.lua:0
058.077  000.003  000.003: sourcing nvim_exec2() called at /home/srs/.config/nvim/init.lua:0
058.083  000.002  000.002: sourcing nvim_exec2() called at /home/srs/.config/nvim/init.lua:0
058.091  000.002  000.002: sourcing nvim_exec2() called at /home/srs/.config/nvim/init.lua:0
058.098  000.003  000.003: sourcing nvim_exec2() called at /home/srs/.config/nvim/init.lua:0
058.102  000.002  000.002: sourcing nvim_exec2() called at /home/srs/.config/nvim/init.lua:0
058.107  000.002  000.002: sourcing nvim_exec2() called at /home/srs/.config/nvim/init.lua:0
058.112  000.002  000.002: sourcing nvim_exec2() called at /home/srs/.config/nvim/init.lua:0
058.116  000.002  000.002: sourcing nvim_exec2() called at /home/srs/.config/nvim/init.lua:0
058.121  000.002  000.002: sourcing nvim_exec2() called at /home/srs/.config/nvim/init.lua:0
058.126  000.002  000.002: sourcing nvim_exec2() called at /home/srs/.config/nvim/init.lua:0
058.149  000.003  000.003: sourcing nvim_exec2() called at /home/srs/.config/nvim/init.lua:0
058.156  000.003  000.003: sourcing nvim_exec2() called at /home/srs/.config/nvim/init.lua:0
058.160  000.002  000.002: sourcing nvim_exec2() called at /home/srs/.config/nvim/init.lua:0
058.165  000.002  000.002: sourcing nvim_exec2() called at /home/srs/.config/nvim/init.lua:0
058.170  000.002  000.002: sourcing nvim_exec2() called at /home/srs/.config/nvim/init.lua:0
058.175  000.002  000.002: sourcing nvim_exec2() called at /home/srs/.config/nvim/init.lua:0
058.179  000.002  000.002: sourcing nvim_exec2() called at /home/srs/.config/nvim/init.lua:0
058.184  000.002  000.002: sourcing nvim_exec2() called at /home/srs/.config/nvim/init.lua:0
058.189  000.002  000.002: sourcing nvim_exec2() called at /home/srs/.config/nvim/init.lua:0
058.193  000.002  000.002: sourcing nvim_exec2() called at /home/srs/.config/nvim/init.lua:0
058.246  000.004  000.004: sourcing nvim_exec2() called at /home/srs/.config/nvim/init.lua:0
058.253  000.002  000.002: sourcing nvim_exec2() called at /home/srs/.config/nvim/init.lua:0
058.257  000.002  000.002: sourcing nvim_exec2() called at /home/srs/.config/nvim/init.lua:0
058.262  000.003  000.003: sourcing nvim_exec2() called at /home/srs/.config/nvim/init.lua:0
058.267  000.002  000.002: sourcing nvim_exec2() called at /home/srs/.config/nvim/init.lua:0
058.272  000.002  000.002: sourcing nvim_exec2() called at /home/srs/.config/nvim/init.lua:0
058.278  000.002  000.002: sourcing nvim_exec2() called at /home/srs/.config/nvim/init.lua:0
058.284  000.003  000.003: sourcing nvim_exec2() called at /home/srs/.config/nvim/init.lua:0
058.294  000.003  000.003: sourcing nvim_exec2() called at /home/srs/.config/nvim/init.lua:0
058.299  000.003  000.003: sourcing nvim_exec2() called at /home/srs/.config/nvim/init.lua:0
058.319  000.004  000.004: sourcing nvim_exec2() called at /home/srs/.config/nvim/init.lua:0
058.325  000.002  000.002: sourcing nvim_exec2() called at /home/srs/.config/nvim/init.lua:0
058.344  000.002  000.002: sourcing nvim_exec2() called at /home/srs/.config/nvim/init.lua:0
058.348  000.001  000.001: sourcing nvim_exec2() called at /home/srs/.config/nvim/init.lua:0
058.353  000.003  000.003: sourcing nvim_exec2() called at /home/srs/.config/nvim/init.lua:0
058.361  000.002  000.002: sourcing nvim_exec2() called at /home/srs/.config/nvim/init.lua:0
058.365  000.001  000.001: sourcing nvim_exec2() called at /home/srs/.config/nvim/init.lua:0
058.368  000.001  000.001: sourcing nvim_exec2() called at /home/srs/.config/nvim/init.lua:0
058.372  000.001  000.001: sourcing nvim_exec2() called at /home/srs/.config/nvim/init.lua:0
058.376  000.001  000.001: sourcing nvim_exec2() called at /home/srs/.config/nvim/init.lua:0
058.391  000.002  000.002: sourcing nvim_exec2() called at /home/srs/.config/nvim/init.lua:0
058.398  000.002  000.002: sourcing nvim_exec2() called at /home/srs/.config/nvim/init.lua:0
058.402  000.001  000.001: sourcing nvim_exec2() called at /home/srs/.config/nvim/init.lua:0
058.405  000.001  000.001: sourcing nvim_exec2() called at /home/srs/.config/nvim/init.lua:0
058.409  000.001  000.001: sourcing nvim_exec2() called at /home/srs/.config/nvim/init.lua:0
058.413  000.002  000.002: sourcing nvim_exec2() called at /home/srs/.config/nvim/init.lua:0
058.420  000.003  000.003: sourcing nvim_exec2() called at /home/srs/.config/nvim/init.lua:0
058.424  000.002  000.002: sourcing nvim_exec2() called at /home/srs/.config/nvim/init.lua:0
058.429  000.002  000.002: sourcing nvim_exec2() called at /home/srs/.config/nvim/init.lua:0
058.450  000.002  000.002: sourcing nvim_exec2() called at /home/srs/.config/nvim/init.lua:0
058.469  000.002  000.002: sourcing nvim_exec2() called at /home/srs/.config/nvim/init.lua:0
058.475  000.003  000.003: sourcing nvim_exec2() called at /home/srs/.config/nvim/init.lua:0
058.479  000.001  000.001: sourcing nvim_exec2() called at /home/srs/.config/nvim/init.lua:0
058.483  000.001  000.001: sourcing nvim_exec2() called at /home/srs/.config/nvim/init.lua:0
058.488  000.002  000.002: sourcing nvim_exec2() called at /home/srs/.config/nvim/init.lua:0
058.497  000.002  000.002: sourcing nvim_exec2() called at /home/srs/.config/nvim/init.lua:0
058.501  000.001  000.001: sourcing nvim_exec2() called at /home/srs/.config/nvim/init.lua:0
058.506  000.002  000.002: sourcing nvim_exec2() called at /home/srs/.config/nvim/init.lua:0
058.510  000.001  000.001: sourcing nvim_exec2() called at /home/srs/.config/nvim/init.lua:0
058.514  000.001  000.001: sourcing nvim_exec2() called at /home/srs/.config/nvim/init.lua:0
058.534  000.003  000.003: sourcing nvim_exec2() called at /home/srs/.config/nvim/init.lua:0
058.539  000.002  000.002: sourcing nvim_exec2() called at /home/srs/.config/nvim/init.lua:0
058.542  000.001  000.001: sourcing nvim_exec2() called at /home/srs/.config/nvim/init.lua:0
058.550  000.003  000.003: sourcing nvim_exec2() called at /home/srs/.config/nvim/init.lua:0
058.557  000.003  000.003: sourcing nvim_exec2() called at /home/srs/.config/nvim/init.lua:0
058.563  000.003  000.003: sourcing nvim_exec2() called at /home/srs/.config/nvim/init.lua:0
058.568  000.003  000.003: sourcing nvim_exec2() called at /home/srs/.config/nvim/init.lua:0
058.573  000.002  000.002: sourcing nvim_exec2() called at /home/srs/.config/nvim/init.lua:0
058.613  000.004  000.004: sourcing nvim_exec2() called at /home/srs/.config/nvim/init.lua:0
058.620  000.002  000.002: sourcing nvim_exec2() called at /home/srs/.config/nvim/init.lua:0
058.652  000.010  000.010: sourcing nvim_exec2() called at /home/srs/.config/nvim/init.lua:0
058.658  000.002  000.002: sourcing nvim_exec2() called at /home/srs/.config/nvim/init.lua:0
058.663  000.003  000.003: sourcing nvim_exec2() called at /home/srs/.config/nvim/init.lua:0
058.670  000.002  000.002: sourcing nvim_exec2() called at /home/srs/.config/nvim/init.lua:0
058.674  000.002  000.002: sourcing nvim_exec2() called at /home/srs/.config/nvim/init.lua:0
058.678  000.001  000.001: sourcing nvim_exec2() called at /home/srs/.config/nvim/init.lua:0
058.684  000.002  000.002: sourcing nvim_exec2() called at /home/srs/.config/nvim/init.lua:0
058.688  000.001  000.001: sourcing nvim_exec2() called at /home/srs/.config/nvim/init.lua:0
058.693  000.003  000.003: sourcing nvim_exec2() called at /home/srs/.config/nvim/init.lua:0
058.701  000.002  000.002: sourcing nvim_exec2() called at /home/srs/.config/nvim/init.lua:0
058.723  000.004  000.004: sourcing nvim_exec2() called at /home/srs/.config/nvim/init.lua:0
058.728  000.001  000.001: sourcing nvim_exec2() called at /home/srs/.config/nvim/init.lua:0
058.733  000.002  000.002: sourcing nvim_exec2() called at /home/srs/.config/nvim/init.lua:0
058.739  000.002  000.002: sourcing nvim_exec2() called at /home/srs/.config/nvim/init.lua:0
058.742  000.001  000.001: sourcing nvim_exec2() called at /home/srs/.config/nvim/init.lua:0
058.762  000.017  000.017: sourcing nvim_exec2() called at /home/srs/.config/nvim/init.lua:0
058.767  000.001  000.001: sourcing nvim_exec2() called at /home/srs/.config/nvim/init.lua:0
058.772  000.003  000.003: sourcing nvim_exec2() called at /home/srs/.config/nvim/init.lua:0
058.779  000.003  000.003: sourcing nvim_exec2() called at /home/srs/.config/nvim/init.lua:0
058.786  000.002  000.002: sourcing nvim_exec2() called at /home/srs/.config/nvim/init.lua:0
058.802  000.002  000.002: sourcing nvim_exec2() called at /home/srs/.config/nvim/init.lua:0
058.807  000.001  000.001: sourcing nvim_exec2() called at /home/srs/.config/nvim/init.lua:0
058.811  000.001  000.001: sourcing nvim_exec2() called at /home/srs/.config/nvim/init.lua:0
058.815  000.001  000.001: sourcing nvim_exec2() called at /home/srs/.config/nvim/init.lua:0
058.818  000.001  000.001: sourcing nvim_exec2() called at /home/srs/.config/nvim/init.lua:0
058.824  000.003  000.003: sourcing nvim_exec2() called at /home/srs/.config/nvim/init.lua:0
058.828  000.001  000.001: sourcing nvim_exec2() called at /home/srs/.config/nvim/init.lua:0
058.832  000.001  000.001: sourcing nvim_exec2() called at /home/srs/.config/nvim/init.lua:0
058.838  000.001  000.001: sourcing nvim_exec2() called at /home/srs/.config/nvim/init.lua:0
058.842  000.001  000.001: sourcing nvim_exec2() called at /home/srs/.config/nvim/init.lua:0
058.858  000.002  000.002: sourcing nvim_exec2() called at /home/srs/.config/nvim/init.lua:0
058.863  000.001  000.001: sourcing nvim_exec2() called at /home/srs/.config/nvim/init.lua:0
058.866  000.001  000.001: sourcing nvim_exec2() called at /home/srs/.config/nvim/init.lua:0
058.869  000.001  000.001: sourcing nvim_exec2() called at /home/srs/.config/nvim/init.lua:0
058.874  000.001  000.001: sourcing nvim_exec2() called at /home/srs/.config/nvim/init.lua:0
058.877  000.001  000.001: sourcing nvim_exec2() called at /home/srs/.config/nvim/init.lua:0
058.880  000.001  000.001: sourcing nvim_exec2() called at /home/srs/.config/nvim/init.lua:0
058.885  000.001  000.001: sourcing nvim_exec2() called at /home/srs/.config/nvim/init.lua:0
058.890  000.001  000.001: sourcing nvim_exec2() called at /home/srs/.config/nvim/init.lua:0
058.894  000.001  000.001: sourcing nvim_exec2() called at /home/srs/.config/nvim/init.lua:0
058.911  000.002  000.002: sourcing nvim_exec2() called at /home/srs/.config/nvim/init.lua:0
058.915  000.001  000.001: sourcing nvim_exec2() called at /home/srs/.config/nvim/init.lua:0
058.919  000.001  000.001: sourcing nvim_exec2() called at /home/srs/.config/nvim/init.lua:0
058.922  000.001  000.001: sourcing nvim_exec2() called at /home/srs/.config/nvim/init.lua:0
058.927  000.001  000.001: sourcing nvim_exec2() called at /home/srs/.config/nvim/init.lua:0
058.932  000.002  000.002: sourcing nvim_exec2() called at /home/srs/.config/nvim/init.lua:0
058.938  000.003  000.003: sourcing nvim_exec2() called at /home/srs/.config/nvim/init.lua:0
058.943  000.003  000.003: sourcing nvim_exec2() called at /home/srs/.config/nvim/init.lua:0
058.949  000.001  000.001: sourcing nvim_exec2() called at /home/srs/.config/nvim/init.lua:0
058.955  000.002  000.002: sourcing nvim_exec2() called at /home/srs/.config/nvim/init.lua:0
058.983  000.004  000.004: sourcing nvim_exec2() called at /home/srs/.config/nvim/init.lua:0
058.988  000.002  000.002: sourcing nvim_exec2() called at /home/srs/.config/nvim/init.lua:0
058.992  000.002  000.002: sourcing nvim_exec2() called at /home/srs/.config/nvim/init.lua:0
058.999  000.003  000.003: sourcing nvim_exec2() called at /home/srs/.config/nvim/init.lua:0
059.016  000.003  000.003: sourcing nvim_exec2() called at /home/srs/.config/nvim/init.lua:0
059.021  000.002  000.002: sourcing nvim_exec2() called at /home/srs/.config/nvim/init.lua:0
059.026  000.001  000.001: sourcing nvim_exec2() called at /home/srs/.config/nvim/init.lua:0
059.031  000.003  000.003: sourcing nvim_exec2() called at /home/srs/.config/nvim/init.lua:0
059.036  000.003  000.003: sourcing nvim_exec2() called at /home/srs/.config/nvim/init.lua:0
059.047  049.684  004.027: sourcing /home/srs/.config/nvim/init.lua
059.060  005.177: sourcing vimrc file(s)
059.481  000.018  000.018: sourcing /home/srs/.local/share/nvim/site/pack/hm/start/direnv.vim/ftdetect/direnv.vim
059.609  000.243  000.225: sourcing nvim_exec2() called at /nix/store/2pdgzyp8jb8qpnhip6jl0a3wr6asv70n-neovim-unwrapped-0.12.5/share/nvim/runtime/filetype.lua:0
059.612  000.343  000.100: sourcing /nix/store/2pdgzyp8jb8qpnhip6jl0a3wr6asv70n-neovim-unwrapped-0.12.5/share/nvim/runtime/filetype.lua
060.475  000.535  000.535: require('blink_cmp_fuzzy')
060.478  000.616  000.081: require('blink.cmp.fuzzy.rust')
060.575  000.806  000.190: sourcing /nix/store/2pdgzyp8jb8qpnhip6jl0a3wr6asv70n-neovim-unwrapped-0.12.5/share/nvim/runtime/syntax/synload.vim
060.686  001.042  000.236: sourcing /nix/store/2pdgzyp8jb8qpnhip6jl0a3wr6asv70n-neovim-unwrapped-0.12.5/share/nvim/runtime/syntax/syntax.vim
064.629  000.199  000.199: sourcing /nix/store/2pdgzyp8jb8qpnhip6jl0a3wr6asv70n-neovim-unwrapped-0.12.5/share/nvim/runtime/plugin/gzip.vim
067.357  000.217  000.217: sourcing /nix/store/2pdgzyp8jb8qpnhip6jl0a3wr6asv70n-neovim-unwrapped-0.12.5/share/nvim/runtime/pack/dist/opt/matchit/plugin/matchit.vim
067.984  003.335  003.118: sourcing /nix/store/2pdgzyp8jb8qpnhip6jl0a3wr6asv70n-neovim-unwrapped-0.12.5/share/nvim/runtime/plugin/matchit.vim
068.133  000.125  000.125: sourcing /nix/store/2pdgzyp8jb8qpnhip6jl0a3wr6asv70n-neovim-unwrapped-0.12.5/share/nvim/runtime/plugin/matchparen.vim
068.161  000.009  000.009: sourcing /nix/store/2pdgzyp8jb8qpnhip6jl0a3wr6asv70n-neovim-unwrapped-0.12.5/share/nvim/runtime/plugin/netrwPlugin.vim
068.261  000.009  000.009: sourcing /nix/store/dh570mlj0y5lac05r0lnaf5rfkyv620y-neovim-0.12.5/rplugin.vim
068.380  000.204  000.195: sourcing /nix/store/2pdgzyp8jb8qpnhip6jl0a3wr6asv70n-neovim-unwrapped-0.12.5/share/nvim/runtime/plugin/rplugin.vim
068.535  000.131  000.131: sourcing /nix/store/2pdgzyp8jb8qpnhip6jl0a3wr6asv70n-neovim-unwrapped-0.12.5/share/nvim/runtime/plugin/tarPlugin.vim
068.586  000.025  000.025: sourcing /nix/store/2pdgzyp8jb8qpnhip6jl0a3wr6asv70n-neovim-unwrapped-0.12.5/share/nvim/runtime/plugin/tutor.vim
068.798  000.192  000.192: sourcing /nix/store/2pdgzyp8jb8qpnhip6jl0a3wr6asv70n-neovim-unwrapped-0.12.5/share/nvim/runtime/plugin/zipPlugin.vim
068.948  000.121  000.121: sourcing /nix/store/2pdgzyp8jb8qpnhip6jl0a3wr6asv70n-neovim-unwrapped-0.12.5/share/nvim/runtime/plugin/editorconfig.lua
069.213  000.194  000.194: sourcing /nix/store/2pdgzyp8jb8qpnhip6jl0a3wr6asv70n-neovim-unwrapped-0.12.5/share/nvim/runtime/plugin/man.lua
069.471  000.231  000.231: sourcing /nix/store/2pdgzyp8jb8qpnhip6jl0a3wr6asv70n-neovim-unwrapped-0.12.5/share/nvim/runtime/plugin/net.lua
069.656  000.153  000.153: sourcing /nix/store/2pdgzyp8jb8qpnhip6jl0a3wr6asv70n-neovim-unwrapped-0.12.5/share/nvim/runtime/plugin/osc52.lua
069.853  000.168  000.168: sourcing /nix/store/2pdgzyp8jb8qpnhip6jl0a3wr6asv70n-neovim-unwrapped-0.12.5/share/nvim/runtime/plugin/shada.lua
069.930  000.043  000.043: sourcing /nix/store/2pdgzyp8jb8qpnhip6jl0a3wr6asv70n-neovim-unwrapped-0.12.5/share/nvim/runtime/plugin/spellfile.lua
070.046  004.471: loading rtp plugins
077.552  000.091  000.091: require('blink.cmp.lib.event_emitter')
077.564  006.720  006.628: require('blink.cmp.sources.lib')
077.609  006.910  000.190: sourcing /nix/store/5lbwl4ms0y3wdy5w0cv9kzwgpf5jc948-packdir-start/pack/hm/start/blink.cmp/plugin/blink-cmp.lua
077.746  000.031  000.031: sourcing /nix/store/5lbwl4ms0y3wdy5w0cv9kzwgpf5jc948-packdir-start/pack/hm/start/conform.nvim/plugin/conform.lua
078.045  000.105  000.105: sourcing /home/srs/.local/share/nvim/site/pack/hm/start/direnv.vim/autoload/direnv.vim
078.093  000.249  000.144: sourcing /nix/store/5lbwl4ms0y3wdy5w0cv9kzwgpf5jc948-packdir-start/pack/hm/start/direnv.vim/plugin/direnv.vim
078.267  000.065  000.065: sourcing /nix/store/5lbwl4ms0y3wdy5w0cv9kzwgpf5jc948-packdir-start/pack/hm/start/gitsigns.nvim/plugin/gitsigns.lua
078.595  000.201  000.201: sourcing /nix/store/5lbwl4ms0y3wdy5w0cv9kzwgpf5jc948-packdir-start/pack/hm/start/neo-tree.nvim/plugin/neo-tree.lua
081.245  000.230  000.230: require('vim.treesitter.language')
081.370  000.120  000.120: require('vim.func')
081.595  000.222  000.222: require('vim.treesitter._range')
081.762  000.159  000.159: require('vim.func._memoize')
081.804  001.537  000.807: require('vim.treesitter.query')
081.825  002.450  000.913: require('vim.treesitter.languagetree')
081.834  002.930  000.479: require('vim.treesitter')
081.964  003.183  000.253: sourcing /nix/store/5lbwl4ms0y3wdy5w0cv9kzwgpf5jc948-packdir-start/pack/hm/start/nvim-treesitter/plugin/filetypes.lua
082.102  000.108  000.108: sourcing /nix/store/5lbwl4ms0y3wdy5w0cv9kzwgpf5jc948-packdir-start/pack/hm/start/nvim-treesitter/plugin/nvim-treesitter.lua
082.176  000.050  000.050: sourcing /nix/store/5lbwl4ms0y3wdy5w0cv9kzwgpf5jc948-packdir-start/pack/hm/start/nvim-treesitter/plugin/query_predicates.lua
082.360  000.031  000.031: sourcing /nix/store/5lbwl4ms0y3wdy5w0cv9kzwgpf5jc948-packdir-start/pack/hm/start/nvim-web-devicons/plugin/nvim-web-devicons.vim
082.465  000.025  000.025: sourcing /nix/store/5lbwl4ms0y3wdy5w0cv9kzwgpf5jc948-packdir-start/pack/hm/start/plenary.nvim/plugin/plenary.vim
082.662  000.118  000.118: sourcing /nix/store/5lbwl4ms0y3wdy5w0cv9kzwgpf5jc948-packdir-start/pack/hm/start/rainbow-delimiters.nvim/plugin/rainbow-delimiters.lua
082.760  000.013  000.013: sourcing /nix/store/5lbwl4ms0y3wdy5w0cv9kzwgpf5jc948-packdir-start/pack/hm/start/snacks.nvim/plugin/snacks.lua
083.162  000.293  000.293: sourcing /nix/store/5lbwl4ms0y3wdy5w0cv9kzwgpf5jc948-packdir-start/pack/hm/start/telescope.nvim/plugin/telescope.lua
083.308  000.051  000.051: sourcing /nix/store/5lbwl4ms0y3wdy5w0cv9kzwgpf5jc948-packdir-start/pack/hm/start/transparent.nvim/plugin/transparent.vim
086.393  005.018: loading packages
086.403  000.010: loading after plugins
086.431  000.028: inits 3
088.528  002.097: reading ShaDa
088.875  000.347: opening buffers
089.309  000.025  000.025: sourcing /home/srs/.local/share/nvim/site/pack/hm/start/direnv.vim/autoload/direnv/extra_vimrc.vim
089.388  000.488: BufEnter autocommands
089.395  000.007: editing files in windows
089.403  000.008: --- NVIM STARTED ---

--- Startup times for process: Primary (or UI client) ---

times in msec
 clock   self+sourced   self:  sourced script
 clock   elapsed:              other lines

000.001  000.001: --- NVIM STARTING ---
000.152  000.151: event init
000.211  000.059: early init
000.244  000.032: locale set
000.275  000.031: init first window
000.608  000.333: inits 1
000.615  000.007: window checked
000.617  000.002: parsing arguments
001.057  000.075  000.075: require('vim._core.shared')
001.142  000.003  000.003: require('string.buffer')
001.165  000.040  000.037: require('vim.inspect')
001.207  000.035  000.035: require('vim._core.options')
001.208  000.147  000.072: require('vim._core.editor')
001.243  000.033  000.033: require('vim._core.system')
001.244  000.285  000.029: require('vim._init_packages')
001.245  000.343: init lua interpreter
002.156  000.911: nvim_ui_attach
002.468  000.311: nvim_set_client_info
002.470  000.003: --- NVIM STARTED ---

--- Startup times for process: Embedded ---

times in msec
 clock   self+sourced   self:  sourced script
 clock   elapsed:              other lines

000.001  000.001: --- NVIM STARTING ---
000.093  000.092: event init
000.226  000.133: early init
000.289  000.063: locale set
000.340  000.050: init first window
000.659  000.320: inits 1
000.667  000.008: window checked
000.673  000.005: parsing arguments
001.141  000.042  000.042: require('vim._core.shared')
001.202  000.003  000.003: require('string.buffer')
001.225  000.040  000.037: require('vim.inspect')
001.268  000.036  000.036: require('vim._core.options')
001.269  000.125  000.049: require('vim._core.editor')
001.304  000.034  000.034: require('vim._core.system')
001.306  000.226  000.025: require('vim._init_packages')
001.307  000.408: init lua interpreter
001.347  000.040: expanding arguments
001.358  000.012: inits 2
001.593  000.235: init highlight
001.594  000.001: waiting for UI
001.686  000.092: done waiting for UI
001.691  000.005: clear screen
001.845  000.007  000.007: require('vim.keymap')
003.560  000.151  000.151: sourcing nvim_exec2()
003.634  000.023  000.023: require('vim._core.log')
004.694  003.001  002.820: require('vim._core.defaults')
004.700  000.008: init default mappings & autocommands
009.524  000.041  000.041: sourcing /nix/store/2pdgzyp8jb8qpnhip6jl0a3wr6asv70n-neovim-unwrapped-0.12.5/share/nvim/runtime/ftplugin.vim
009.632  000.019  000.019: sourcing /nix/store/2pdgzyp8jb8qpnhip6jl0a3wr6asv70n-neovim-unwrapped-0.12.5/share/nvim/runtime/indent.vim
010.305  000.191  000.191: require('user.config.options')
010.544  000.237  000.237: require('user.misc.qol')
010.601  000.054  000.054: require('user.config.keybinds')
011.307  000.096  000.096: require('lualine_require')
011.536  000.798  000.701: require('lualine')
011.751  000.009  000.009: sourcing nvim_exec2() called at /home/srs/.config/nvim/init.lua:0
012.537  000.365  000.365: require('lualine.highlight')
013.293  000.007  000.007: sourcing nvim_exec2() called at /home/srs/.config/nvim/init.lua:0
013.315  000.004  000.004: sourcing nvim_exec2() called at /home/srs/.config/nvim/init.lua:0
013.333  000.004  000.004: sourcing nvim_exec2() called at /home/srs/.config/nvim/init.lua:0
013.344  000.002  000.002: sourcing nvim_exec2() called at /home/srs/.config/nvim/init.lua:0
013.355  000.002  000.002: sourcing nvim_exec2() called at /home/srs/.config/nvim/init.lua:0
013.371  000.002  000.002: sourcing nvim_exec2() called at /home/srs/.config/nvim/init.lua:0
013.383  000.002  000.002: sourcing nvim_exec2() called at /home/srs/.config/nvim/init.lua:0
013.398  000.002  000.002: sourcing nvim_exec2() called at /home/srs/.config/nvim/init.lua:0
013.409  000.002  000.002: sourcing nvim_exec2() called at /home/srs/.config/nvim/init.lua:0
013.421  000.002  000.002: sourcing nvim_exec2() called at /home/srs/.config/nvim/init.lua:0
013.432  000.002  000.002: sourcing nvim_exec2() called at /home/srs/.config/nvim/init.lua:0
013.439  000.002  000.002: sourcing nvim_exec2() called at /home/srs/.config/nvim/init.lua:0
013.446  000.002  000.002: sourcing nvim_exec2() called at /home/srs/.config/nvim/init.lua:0
013.462  000.002  000.002: sourcing nvim_exec2() called at /home/srs/.config/nvim/init.lua:0
013.474  000.002  000.002: sourcing nvim_exec2() called at /home/srs/.config/nvim/init.lua:0
013.486  000.002  000.002: sourcing nvim_exec2() called at /home/srs/.config/nvim/init.lua:0
013.508  000.003  000.003: sourcing nvim_exec2() called at /home/srs/.config/nvim/init.lua:0
013.539  000.003  000.003: sourcing nvim_exec2() called at /home/srs/.config/nvim/init.lua:0
013.554  000.003  000.003: sourcing nvim_exec2() called at /home/srs/.config/nvim/init.lua:0
013.572  000.004  000.004: sourcing nvim_exec2() called at /home/srs/.config/nvim/init.lua:0
013.589  000.003  000.003: sourcing nvim_exec2() called at /home/srs/.config/nvim/init.lua:0
013.597  000.002  000.002: sourcing nvim_exec2() called at /home/srs/.config/nvim/init.lua:0
013.609  000.008  000.008: sourcing nvim_exec2() called at /home/srs/.config/nvim/init.lua:0
014.681  000.006  000.006: sourcing nvim_exec2() called at /home/srs/.config/nvim/init.lua:0
014.692  000.003  000.003: sourcing nvim_exec2() called at /home/srs/.config/nvim/init.lua:0
014.699  000.002  000.002: sourcing nvim_exec2() called at /home/srs/.config/nvim/init.lua:0
014.709  000.003  000.003: sourcing nvim_exec2() called at /home/srs/.config/nvim/init.lua:0
014.715  000.002  000.002: sourcing nvim_exec2() called at /home/srs/.config/nvim/init.lua:0
014.721  000.002  000.002: sourcing nvim_exec2() called at /home/srs/.config/nvim/init.lua:0
014.727  000.002  000.002: sourcing nvim_exec2() called at /home/srs/.config/nvim/init.lua:0
014.736  000.002  000.002: sourcing nvim_exec2() called at /home/srs/.config/nvim/init.lua:0
014.743  000.002  000.002: sourcing nvim_exec2() called at /home/srs/.config/nvim/init.lua:0
014.749  000.002  000.002: sourcing nvim_exec2() called at /home/srs/.config/nvim/init.lua:0
014.755  000.002  000.002: sourcing nvim_exec2() called at /home/srs/.config/nvim/init.lua:0
014.770  000.003  000.003: sourcing nvim_exec2() called at /home/srs/.config/nvim/init.lua:0
014.776  000.002  000.002: sourcing nvim_exec2() called at /home/srs/.config/nvim/init.lua:0
014.782  000.002  000.002: sourcing nvim_exec2() called at /home/srs/.config/nvim/init.lua:0
014.805  000.003  000.003: sourcing nvim_exec2() called at /home/srs/.config/nvim/init.lua:0
014.830  000.003  000.003: sourcing nvim_exec2() called at /home/srs/.config/nvim/init.lua:0
014.862  000.002  000.002: sourcing nvim_exec2() called at /home/srs/.config/nvim/init.lua:0
014.869  000.002  000.002: sourcing nvim_exec2() called at /home/srs/.config/nvim/init.lua:0
014.875  000.002  000.002: sourcing nvim_exec2() called at /home/srs/.config/nvim/init.lua:0
014.881  000.002  000.002: sourcing nvim_exec2() called at /home/srs/.config/nvim/init.lua:0
014.887  000.002  000.002: sourcing nvim_exec2() called at /home/srs/.config/nvim/init.lua:0
014.895  000.003  000.003: sourcing nvim_exec2() called at /home/srs/.config/nvim/init.lua:0
014.901  000.002  000.002: sourcing nvim_exec2() called at /home/srs/.config/nvim/init.lua:0
014.907  000.002  000.002: sourcing nvim_exec2() called at /home/srs/.config/nvim/init.lua:0
014.912  000.002  000.002: sourcing nvim_exec2() called at /home/srs/.config/nvim/init.lua:0
014.918  000.002  000.002: sourcing nvim_exec2() called at /home/srs/.config/nvim/init.lua:0
014.923  000.002  000.002: sourcing nvim_exec2() called at /home/srs/.config/nvim/init.lua:0
014.928  000.002  000.002: sourcing nvim_exec2() called at /home/srs/.config/nvim/init.lua:0
015.104  000.058  000.058: require('lualine.utils.mode')
015.389  000.006  000.006: sourcing nvim_exec2() called at /home/srs/.config/nvim/init.lua:0
015.398  000.004  000.004: sourcing nvim_exec2() called at /home/srs/.config/nvim/init.lua:0
015.723  000.006  000.006: sourcing nvim_exec2() called at /home/srs/.config/nvim/init.lua:0
015.770  000.040  000.040: sourcing nvim_exec2() called at /home/srs/.config/nvim/init.lua:0
015.780  000.003  000.003: sourcing nvim_exec2() called at /home/srs/.config/nvim/init.lua:0
015.787  000.002  000.002: sourcing nvim_exec2() called at /home/srs/.config/nvim/init.lua:0
015.793  000.002  000.002: sourcing nvim_exec2() called at /home/srs/.config/nvim/init.lua:0
015.798  000.002  000.002: sourcing nvim_exec2() called at /home/srs/.config/nvim/init.lua:0
015.804  000.002  000.002: sourcing nvim_exec2() called at /home/srs/.config/nvim/init.lua:0
015.812  000.002  000.002: sourcing nvim_exec2() called at /home/srs/.config/nvim/init.lua:0
015.817  000.002  000.002: sourcing nvim_exec2() called at /home/srs/.config/nvim/init.lua:0
015.823  000.002  000.002: sourcing nvim_exec2() called at /home/srs/.config/nvim/init.lua:0
015.828  000.002  000.002: sourcing nvim_exec2() called at /home/srs/.config/nvim/init.lua:0
015.833  000.002  000.002: sourcing nvim_exec2() called at /home/srs/.config/nvim/init.lua:0
015.839  000.002  000.002: sourcing nvim_exec2() called at /home/srs/.config/nvim/init.lua:0
015.844  000.002  000.002: sourcing nvim_exec2() called at /home/srs/.config/nvim/init.lua:0
015.874  000.004  000.004: sourcing nvim_exec2() called at /home/srs/.config/nvim/init.lua:0
015.882  000.002  000.002: sourcing nvim_exec2() called at /home/srs/.config/nvim/init.lua:0
015.887  000.002  000.002: sourcing nvim_exec2() called at /home/srs/.config/nvim/init.lua:0
015.893  000.002  000.002: sourcing nvim_exec2() called at /home/srs/.config/nvim/init.lua:0
015.898  000.002  000.002: sourcing nvim_exec2() called at /home/srs/.config/nvim/init.lua:0
015.904  000.002  000.002: sourcing nvim_exec2() called at /home/srs/.config/nvim/init.lua:0
015.917  000.003  000.003: sourcing nvim_exec2() called at /home/srs/.config/nvim/init.lua:0
016.042  000.008  000.008: sourcing nvim_exec2() called at /home/srs/.config/nvim/init.lua:0
016.050  000.002  000.002: sourcing nvim_exec2() called at /home/srs/.config/nvim/init.lua:0
016.054  000.002  000.002: sourcing nvim_exec2() called at /home/srs/.config/nvim/init.lua:0
016.060  000.004  000.004: sourcing nvim_exec2() called at /home/srs/.config/nvim/init.lua:0
016.146  000.008  000.008: sourcing nvim_exec2() called at /home/srs/.config/nvim/init.lua:0
016.173  000.005  000.005: sourcing nvim_exec2() called at /home/srs/.config/nvim/init.lua:0
016.189  000.012  000.012: sourcing nvim_exec2() called at /home/srs/.config/nvim/init.lua:0
016.198  000.005  000.005: sourcing nvim_exec2() called at /home/srs/.config/nvim/init.lua:0
016.209  000.004  000.004: sourcing nvim_exec2() called at /home/srs/.config/nvim/init.lua:0
016.216  005.613  004.103: require('user.config.lualine')
016.349  000.128  000.128: require('rainbow-delimiters')
016.580  000.224  000.224: require('snacks')
016.914  000.262  000.262: require('telescope.builtin')
017.172  000.101  000.101: require('telescope._extensions')
017.176  000.259  000.158: require('telescope')
018.451  000.270  000.270: require('plenary.bit')
018.549  000.095  000.095: require('plenary.functional')
018.566  000.010  000.010: require('ffi')
018.581  000.936  000.562: require('plenary.path')
018.593  001.119  000.183: require('plenary.strings')
019.656  000.015  000.015: require('vim.F')
019.689  000.439  000.424: require('plenary.log')
019.818  000.676  000.237: require('telescope.log')
021.196  000.106  000.106: require('plenary.compat')
021.241  000.701  000.595: require('plenary.job')
021.369  000.126  000.126: require('telescope.state')
021.395  001.573  000.746: require('telescope.utils')
021.405  002.810  000.561: require('telescope.sorters')
023.330  006.151  002.223: require('telescope.config')
024.459  000.199  000.199: require('fzf_lib')
024.465  000.423  000.224: require('telescope._extensions.fzf')
024.611  000.091  000.091: require('nvim-treesitter')
024.793  000.030  000.030: require('vim.fs')
024.805  000.191  000.162: require('nvim-treesitter.config')
025.265  000.423  000.423: require('mini.pairs')
026.881  000.561  000.561: require('mini.hipatterns')
027.488  000.513  000.513: require('mini.notify')
028.134  000.533  000.533: require('conform')
028.339  000.183  000.183: require('gitsigns')
028.882  000.484  000.484: require('gitsigns.config')
029.475  000.402  000.402: require('gitsigns.highlight')
029.720  000.233  000.233: require('gitsigns.debug.log')
030.292  000.167  000.167: require('gitsigns.debounce')
030.472  000.164  000.164: require('mini.trailspace')
032.570  000.991  000.991: require('vim.lsp.protocol')
032.604  001.250  000.259: require('vim.lsp.log')
034.207  000.013  000.013: require('vim._core.util')
034.230  001.622  001.610: require('vim.lsp.util')
034.844  000.269  000.269: require('vim.lsp.sync')
034.850  000.617  000.347: require('vim.lsp._changetracking')
036.420  000.339  000.339: require('vim.lsp._transport')
036.448  000.017  000.017: require('vim._core.stringbuffer')
036.537  001.684  001.328: require('vim.lsp.rpc')
036.640  006.119  000.946: require('vim.lsp')
040.063  002.773  002.773: require('vim.diagnostic')
040.331  000.260  000.260: require('blink.cmp')
040.537  000.075  000.075: require('blink.cmp.config.utils')
040.649  000.109  000.109: require('blink.cmp.config.keymap')
040.749  000.038  000.038: require('blink.cmp.config.completion.keyword')
040.855  000.103  000.103: require('blink.cmp.config.completion.trigger')
040.908  000.052  000.052: require('blink.cmp.config.completion.list')
040.963  000.053  000.053: require('blink.cmp.config.completion.accept')
041.117  000.153  000.153: require('blink.cmp.config.completion.menu')
041.193  000.074  000.074: require('blink.cmp.config.completion.documentation')
041.230  000.035  000.035: require('blink.cmp.config.completion.ghost_text')
041.232  000.580  000.073: require('blink.cmp.config.completion')
041.321  000.089  000.089: require('blink.cmp.config.fuzzy')
041.406  000.083  000.083: require('blink.cmp.config.sources')
041.475  000.066  000.066: require('blink.cmp.config.signature')
041.564  000.088  000.088: require('blink.cmp.config.snippets')
041.610  000.044  000.044: require('blink.cmp.config.appearance')
041.647  000.036  000.036: require('blink.cmp.config.modes.cmdline')
041.678  000.028  000.028: require('blink.cmp.config.modes.term')
041.682  001.341  000.143: require('blink.cmp.config')
042.548  000.076  000.076: require('blink.cmp.config.modes.types')
043.079  000.146  000.146: require('blink.cmp.lib.async')
043.429  000.140  000.140: require('blink.cmp.lib.utils')
043.537  000.106  000.106: require('blink.cmp.fuzzy.download.system')
043.579  000.428  000.182: require('blink.cmp.fuzzy.download.files')
043.581  000.500  000.072: require('blink.cmp.fuzzy.download.git')
043.584  000.864  000.219: require('blink.cmp.fuzzy.download')
045.863  000.157  000.157: require('trouble')
046.149  000.281  000.281: require('trouble.config')
046.637  000.276  000.276: require('trouble.util')
046.641  000.444  000.169: require('trouble.config.highlights')
047.531  000.103  000.103: require('trouble.cache')
047.774  000.240  000.240: require('trouble.format')
047.930  000.154  000.154: require('trouble.view.indent')
048.118  000.186  000.186: require('trouble.view.text')
048.122  000.905  000.223: require('trouble.view.render')
048.124  001.129  000.224: require('trouble.view.preview')
048.127  001.322  000.194: require('trouble.view.main')
048.314  000.114  000.114: require('neo-tree')
048.561  000.242  000.242: require('neo-tree.log')
048.887  000.148  000.148: require('transparent.config')
048.975  000.085  000.085: require('transparent.cache')
048.992  000.394  000.161: require('transparent')
049.041  039.212  007.336: require('user')
050.623  001.580  001.580: require('mini.base16')
050.661  000.017  000.017: sourcing nvim_exec2() called at /home/srs/.config/nvim/init.lua:0
050.668  000.003  000.003: sourcing nvim_exec2() called at /home/srs/.config/nvim/init.lua:0
050.674  000.003  000.003: sourcing nvim_exec2() called at /home/srs/.config/nvim/init.lua:0
050.678  000.002  000.002: sourcing nvim_exec2() called at /home/srs/.config/nvim/init.lua:0
050.682  000.002  000.002: sourcing nvim_exec2() called at /home/srs/.config/nvim/init.lua:0
050.686  000.002  000.002: sourcing nvim_exec2() called at /home/srs/.config/nvim/init.lua:0
050.690  000.002  000.002: sourcing nvim_exec2() called at /home/srs/.config/nvim/init.lua:0
050.693  000.002  000.002: sourcing nvim_exec2() called at /home/srs/.config/nvim/init.lua:0
050.697  000.002  000.002: sourcing nvim_exec2() called at /home/srs/.config/nvim/init.lua:0
050.701  000.002  000.002: sourcing nvim_exec2() called at /home/srs/.config/nvim/init.lua:0
050.704  000.002  000.002: sourcing nvim_exec2() called at /home/srs/.config/nvim/init.lua:0
050.708  000.002  000.002: sourcing nvim_exec2() called at /home/srs/.config/nvim/init.lua:0
050.716  000.006  000.006: sourcing nvim_exec2() called at /home/srs/.config/nvim/init.lua:0
050.720  000.002  000.002: sourcing nvim_exec2() called at /home/srs/.config/nvim/init.lua:0
050.724  000.002  000.002: sourcing nvim_exec2() called at /home/srs/.config/nvim/init.lua:0
050.728  000.002  000.002: sourcing nvim_exec2() called at /home/srs/.config/nvim/init.lua:0
050.731  000.002  000.002: sourcing nvim_exec2() called at /home/srs/.config/nvim/init.lua:0
050.792  000.004  000.004: sourcing nvim_exec2() called at /home/srs/.config/nvim/init.lua:0
050.796  000.002  000.002: sourcing nvim_exec2() called at /home/srs/.config/nvim/init.lua:0
050.800  000.001  000.001: sourcing nvim_exec2() called at /home/srs/.config/nvim/init.lua:0
050.803  000.002  000.002: sourcing nvim_exec2() called at /home/srs/.config/nvim/init.lua:0
050.807  000.002  000.002: sourcing nvim_exec2() called at /home/srs/.config/nvim/init.lua:0
050.811  000.002  000.002: sourcing nvim_exec2() called at /home/srs/.config/nvim/init.lua:0
050.827  000.014  000.014: sourcing nvim_exec2() called at /home/srs/.config/nvim/init.lua:0
050.830  000.002  000.002: sourcing nvim_exec2() called at /home/srs/.config/nvim/init.lua:0
050.833  000.002  000.002: sourcing nvim_exec2() called at /home/srs/.config/nvim/init.lua:0
050.862  000.003  000.003: sourcing nvim_exec2() called at /home/srs/.config/nvim/init.lua:0
050.869  000.004  000.004: sourcing nvim_exec2() called at /home/srs/.config/nvim/init.lua:0
050.873  000.002  000.002: sourcing nvim_exec2() called at /home/srs/.config/nvim/init.lua:0
050.876  000.001  000.001: sourcing nvim_exec2() called at /home/srs/.config/nvim/init.lua:0
050.879  000.001  000.001: sourcing nvim_exec2() called at /home/srs/.config/nvim/init.lua:0
050.883  000.002  000.002: sourcing nvim_exec2() called at /home/srs/.config/nvim/init.lua:0
050.886  000.001  000.001: sourcing nvim_exec2() called at /home/srs/.config/nvim/init.lua:0
050.925  000.038  000.038: sourcing nvim_exec2() called at /home/srs/.config/nvim/init.lua:0
050.929  000.002  000.002: sourcing nvim_exec2() called at /home/srs/.config/nvim/init.lua:0
050.932  000.001  000.001: sourcing nvim_exec2() called at /home/srs/.config/nvim/init.lua:0
050.936  000.002  000.002: sourcing nvim_exec2() called at /home/srs/.config/nvim/init.lua:0
050.939  000.002  000.002: sourcing nvim_exec2() called at /home/srs/.config/nvim/init.lua:0
050.942  000.001  000.001: sourcing nvim_exec2() called at /home/srs/.config/nvim/init.lua:0
050.944  000.001  000.001: sourcing nvim_exec2() called at /home/srs/.config/nvim/init.lua:0
050.947  000.001  000.001: sourcing nvim_exec2() called at /home/srs/.config/nvim/init.lua:0
050.972  000.002  000.002: sourcing nvim_exec2() called at /home/srs/.config/nvim/init.lua:0
050.978  000.003  000.003: sourcing nvim_exec2() called at /home/srs/.config/nvim/init.lua:0
050.982  000.002  000.002: sourcing nvim_exec2() called at /home/srs/.config/nvim/init.lua:0
050.985  000.002  000.002: sourcing nvim_exec2() called at /home/srs/.config/nvim/init.lua:0
050.989  000.002  000.002: sourcing nvim_exec2() called at /home/srs/.config/nvim/init.lua:0
050.995  000.004  000.004: sourcing nvim_exec2() called at /home/srs/.config/nvim/init.lua:0
050.999  000.002  000.002: sourcing nvim_exec2() called at /home/srs/.config/nvim/init.lua:0
051.002  000.002  000.002: sourcing nvim_exec2() called at /home/srs/.config/nvim/init.lua:0
051.006  000.002  000.002: sourcing nvim_exec2() called at /home/srs/.config/nvim/init.lua:0
051.009  000.001  000.001: sourcing nvim_exec2() called at /home/srs/.config/nvim/init.lua:0
051.012  000.001  000.001: sourcing nvim_exec2() called at /home/srs/.config/nvim/init.lua:0
051.016  000.002  000.002: sourcing nvim_exec2() called at /home/srs/.config/nvim/init.lua:0
051.040  000.003  000.003: sourcing nvim_exec2() called at /home/srs/.config/nvim/init.lua:0
051.045  000.002  000.002: sourcing nvim_exec2() called at /home/srs/.config/nvim/init.lua:0
051.048  000.002  000.002: sourcing nvim_exec2() called at /home/srs/.config/nvim/init.lua:0
051.052  000.002  000.002: sourcing nvim_exec2() called at /home/srs/.config/nvim/init.lua:0
051.056  000.003  000.003: sourcing nvim_exec2() called at /home/srs/.config/nvim/init.lua:0
051.059  000.001  000.001: sourcing nvim_exec2() called at /home/srs/.config/nvim/init.lua:0
051.061  000.001  000.001: sourcing nvim_exec2() called at /home/srs/.config/nvim/init.lua:0
051.064  000.002  000.002: sourcing nvim_exec2() called at /home/srs/.config/nvim/init.lua:0
051.067  000.001  000.001: sourcing nvim_exec2() called at /home/srs/.config/nvim/init.lua:0
051.070  000.001  000.001: sourcing nvim_exec2() called at /home/srs/.config/nvim/init.lua:0
051.073  000.002  000.002: sourcing nvim_exec2() called at /home/srs/.config/nvim/init.lua:0
051.077  000.002  000.002: sourcing nvim_exec2() called at /home/srs/.config/nvim/init.lua:0
051.081  000.002  000.002: sourcing nvim_exec2() called at /home/srs/.config/nvim/init.lua:0
051.085  000.002  000.002: sourcing nvim_exec2() called at /home/srs/.config/nvim/init.lua:0
051.088  000.001  000.001: sourcing nvim_exec2() called at /home/srs/.config/nvim/init.lua:0
051.091  000.002  000.002: sourcing nvim_exec2() called at /home/srs/.config/nvim/init.lua:0
051.095  000.002  000.002: sourcing nvim_exec2() called at /home/srs/.config/nvim/init.lua:0
051.098  000.002  000.002: sourcing nvim_exec2() called at /home/srs/.config/nvim/init.lua:0
051.102  000.001  000.001: sourcing nvim_exec2() called at /home/srs/.config/nvim/init.lua:0
051.105  000.002  000.002: sourcing nvim_exec2() called at /home/srs/.config/nvim/init.lua:0
051.108  000.002  000.002: sourcing nvim_exec2() called at /home/srs/.config/nvim/init.lua:0
051.111  000.002  000.002: sourcing nvim_exec2() called at /home/srs/.config/nvim/init.lua:0
051.114  000.001  000.001: sourcing nvim_exec2() called at /home/srs/.config/nvim/init.lua:0
051.118  000.002  000.002: sourcing nvim_exec2() called at /home/srs/.config/nvim/init.lua:0
051.121  000.001  000.001: sourcing nvim_exec2() called at /home/srs/.config/nvim/init.lua:0
051.144  000.002  000.002: sourcing nvim_exec2() called at /home/srs/.config/nvim/init.lua:0
051.149  000.002  000.002: sourcing nvim_exec2() called at /home/srs/.config/nvim/init.lua:0
051.152  000.001  000.001: sourcing nvim_exec2() called at /home/srs/.config/nvim/init.lua:0
051.155  000.001  000.001: sourcing nvim_exec2() called at /home/srs/.config/nvim/init.lua:0
051.157  000.001  000.001: sourcing nvim_exec2() called at /home/srs/.config/nvim/init.lua:0
051.161  000.002  000.002: sourcing nvim_exec2() called at /home/srs/.config/nvim/init.lua:0
051.170  000.007  000.007: sourcing nvim_exec2() called at /home/srs/.config/nvim/init.lua:0
051.175  000.002  000.002: sourcing nvim_exec2() called at /home/srs/.config/nvim/init.lua:0
051.178  000.001  000.001: sourcing nvim_exec2() called at /home/srs/.config/nvim/init.lua:0
051.181  000.001  000.001: sourcing nvim_exec2() called at /home/srs/.config/nvim/init.lua:0
051.184  000.002  000.002: sourcing nvim_exec2() called at /home/srs/.config/nvim/init.lua:0
051.187  000.002  000.002: sourcing nvim_exec2() called at /home/srs/.config/nvim/init.lua:0
051.190  000.001  000.001: sourcing nvim_exec2() called at /home/srs/.config/nvim/init.lua:0
051.193  000.001  000.001: sourcing nvim_exec2() called at /home/srs/.config/nvim/init.lua:0
051.196  000.002  000.002: sourcing nvim_exec2() called at /home/srs/.config/nvim/init.lua:0
051.199  000.001  000.001: sourcing nvim_exec2() called at /home/srs/.config/nvim/init.lua:0
051.203  000.002  000.002: sourcing nvim_exec2() called at /home/srs/.config/nvim/init.lua:0
051.206  000.002  000.002: sourcing nvim_exec2() called at /home/srs/.config/nvim/init.lua:0
051.209  000.001  000.001: sourcing nvim_exec2() called at /home/srs/.config/nvim/init.lua:0
051.212  000.001  000.001: sourcing nvim_exec2() called at /home/srs/.config/nvim/init.lua:0
051.215  000.001  000.001: sourcing nvim_exec2() called at /home/srs/.config/nvim/init.lua:0
051.218  000.002  000.002: sourcing nvim_exec2() called at /home/srs/.config/nvim/init.lua:0
051.221  000.001  000.001: sourcing nvim_exec2() called at /home/srs/.config/nvim/init.lua:0
051.224  000.001  000.001: sourcing nvim_exec2() called at /home/srs/.config/nvim/init.lua:0
051.227  000.002  000.002: sourcing nvim_exec2() called at /home/srs/.config/nvim/init.lua:0
051.230  000.001  000.001: sourcing nvim_exec2() called at /home/srs/.config/nvim/init.lua:0
051.234  000.002  000.002: sourcing nvim_exec2() called at /home/srs/.config/nvim/init.lua:0
051.250  000.002  000.002: sourcing nvim_exec2() called at /home/srs/.config/nvim/init.lua:0
051.254  000.001  000.001: sourcing nvim_exec2() called at /home/srs/.config/nvim/init.lua:0
051.257  000.002  000.002: sourcing nvim_exec2() called at /home/srs/.config/nvim/init.lua:0
051.260  000.001  000.001: sourcing nvim_exec2() called at /home/srs/.config/nvim/init.lua:0
051.263  000.001  000.001: sourcing nvim_exec2() called at /home/srs/.config/nvim/init.lua:0
051.267  000.002  000.002: sourcing nvim_exec2() called at /home/srs/.config/nvim/init.lua:0
051.271  000.002  000.002: sourcing nvim_exec2() called at /home/srs/.config/nvim/init.lua:0
051.275  000.002  000.002: sourcing nvim_exec2() called at /home/srs/.config/nvim/init.lua:0
051.280  000.002  000.002: sourcing nvim_exec2() called at /home/srs/.config/nvim/init.lua:0
051.283  000.002  000.002: sourcing nvim_exec2() called at /home/srs/.config/nvim/init.lua:0
051.287  000.002  000.002: sourcing nvim_exec2() called at /home/srs/.config/nvim/init.lua:0
051.290  000.001  000.001: sourcing nvim_exec2() called at /home/srs/.config/nvim/init.lua:0
051.293  000.002  000.002: sourcing nvim_exec2() called at /home/srs/.config/nvim/init.lua:0
051.296  000.002  000.002: sourcing nvim_exec2() called at /home/srs/.config/nvim/init.lua:0
051.299  000.002  000.002: sourcing nvim_exec2() called at /home/srs/.config/nvim/init.lua:0
051.303  000.002  000.002: sourcing nvim_exec2() called at /home/srs/.config/nvim/init.lua:0
051.306  000.001  000.001: sourcing nvim_exec2() called at /home/srs/.config/nvim/init.lua:0
051.310  000.002  000.002: sourcing nvim_exec2() called at /home/srs/.config/nvim/init.lua:0
051.314  000.001  000.001: sourcing nvim_exec2() called at /home/srs/.config/nvim/init.lua:0
051.317  000.001  000.001: sourcing nvim_exec2() called at /home/srs/.config/nvim/init.lua:0
051.321  000.003  000.003: sourcing nvim_exec2() called at /home/srs/.config/nvim/init.lua:0
051.325  000.002  000.002: sourcing nvim_exec2() called at /home/srs/.config/nvim/init.lua:0
051.328  000.002  000.002: sourcing nvim_exec2() called at /home/srs/.config/nvim/init.lua:0
051.331  000.002  000.002: sourcing nvim_exec2() called at /home/srs/.config/nvim/init.lua:0
051.334  000.001  000.001: sourcing nvim_exec2() called at /home/srs/.config/nvim/init.lua:0
051.337  000.002  000.002: sourcing nvim_exec2() called at /home/srs/.config/nvim/init.lua:0
051.340  000.001  000.001: sourcing nvim_exec2() called at /home/srs/.config/nvim/init.lua:0
051.343  000.002  000.002: sourcing nvim_exec2() called at /home/srs/.config/nvim/init.lua:0
051.348  000.001  000.001: sourcing nvim_exec2() called at /home/srs/.config/nvim/init.lua:0
051.350  000.001  000.001: sourcing nvim_exec2() called at /home/srs/.config/nvim/init.lua:0
051.353  000.001  000.001: sourcing nvim_exec2() called at /home/srs/.config/nvim/init.lua:0
051.356  000.002  000.002: sourcing nvim_exec2() called at /home/srs/.config/nvim/init.lua:0
051.359  000.001  000.001: sourcing nvim_exec2() called at /home/srs/.config/nvim/init.lua:0
051.362  000.002  000.002: sourcing nvim_exec2() called at /home/srs/.config/nvim/init.lua:0
051.366  000.001  000.001: sourcing nvim_exec2() called at /home/srs/.config/nvim/init.lua:0
051.368  000.001  000.001: sourcing nvim_exec2() called at /home/srs/.config/nvim/init.lua:0
051.371  000.002  000.002: sourcing nvim_exec2() called at /home/srs/.config/nvim/init.lua:0
051.375  000.002  000.002: sourcing nvim_exec2() called at /home/srs/.config/nvim/init.lua:0
051.380  000.002  000.002: sourcing nvim_exec2() called at /home/srs/.config/nvim/init.lua:0
051.383  000.002  000.002: sourcing nvim_exec2() called at /home/srs/.config/nvim/init.lua:0
051.387  000.002  000.002: sourcing nvim_exec2() called at /home/srs/.config/nvim/init.lua:0
051.390  000.001  000.001: sourcing nvim_exec2() called at /home/srs/.config/nvim/init.lua:0
051.392  000.001  000.001: sourcing nvim_exec2() called at /home/srs/.config/nvim/init.lua:0
051.394  000.001  000.001: sourcing nvim_exec2() called at /home/srs/.config/nvim/init.lua:0
051.397  000.001  000.001: sourcing nvim_exec2() called at /home/srs/.config/nvim/init.lua:0
051.399  000.001  000.001: sourcing nvim_exec2() called at /home/srs/.config/nvim/init.lua:0
051.401  000.001  000.001: sourcing nvim_exec2() called at /home/srs/.config/nvim/init.lua:0
051.405  000.002  000.002: sourcing nvim_exec2() called at /home/srs/.config/nvim/init.lua:0
051.408  000.002  000.002: sourcing nvim_exec2() called at /home/srs/.config/nvim/init.lua:0
051.412  000.002  000.002: sourcing nvim_exec2() called at /home/srs/.config/nvim/init.lua:0
051.415  000.002  000.002: sourcing nvim_exec2() called at /home/srs/.config/nvim/init.lua:0
051.419  000.002  000.002: sourcing nvim_exec2() called at /home/srs/.config/nvim/init.lua:0
051.440  000.002  000.002: sourcing nvim_exec2() called at /home/srs/.config/nvim/init.lua:0
051.443  000.001  000.001: sourcing nvim_exec2() called at /home/srs/.config/nvim/init.lua:0
051.445  000.001  000.001: sourcing nvim_exec2() called at /home/srs/.config/nvim/init.lua:0
051.447  000.001  000.001: sourcing nvim_exec2() called at /home/srs/.config/nvim/init.lua:0
051.450  000.001  000.001: sourcing nvim_exec2() called at /home/srs/.config/nvim/init.lua:0
051.452  000.001  000.001: sourcing nvim_exec2() called at /home/srs/.config/nvim/init.lua:0
051.454  000.001  000.001: sourcing nvim_exec2() called at /home/srs/.config/nvim/init.lua:0
051.456  000.001  000.001: sourcing nvim_exec2() called at /home/srs/.config/nvim/init.lua:0
051.461  000.003  000.003: sourcing nvim_exec2() called at /home/srs/.config/nvim/init.lua:0
051.464  000.002  000.002: sourcing nvim_exec2() called at /home/srs/.config/nvim/init.lua:0
051.468  000.002  000.002: sourcing nvim_exec2() called at /home/srs/.config/nvim/init.lua:0
051.472  000.002  000.002: sourcing nvim_exec2() called at /home/srs/.config/nvim/init.lua:0
051.476  000.002  000.002: sourcing nvim_exec2() called at /home/srs/.config/nvim/init.lua:0
051.479  000.002  000.002: sourcing nvim_exec2() called at /home/srs/.config/nvim/init.lua:0
051.482  000.002  000.002: sourcing nvim_exec2() called at /home/srs/.config/nvim/init.lua:0
051.512  000.025  000.025: sourcing nvim_exec2() called at /home/srs/.config/nvim/init.lua:0
051.516  000.002  000.002: sourcing nvim_exec2() called at /home/srs/.config/nvim/init.lua:0
051.520  000.002  000.002: sourcing nvim_exec2() called at /home/srs/.config/nvim/init.lua:0
051.525  000.002  000.002: sourcing nvim_exec2() called at /home/srs/.config/nvim/init.lua:0
051.567  000.003  000.003: sourcing nvim_exec2() called at /home/srs/.config/nvim/init.lua:0
051.571  000.001  000.001: sourcing nvim_exec2() called at /home/srs/.config/nvim/init.lua:0
051.574  000.002  000.002: sourcing nvim_exec2() called at /home/srs/.config/nvim/init.lua:0
051.578  000.002  000.002: sourcing nvim_exec2() called at /home/srs/.config/nvim/init.lua:0
051.582  000.001  000.001: sourcing nvim_exec2() called at /home/srs/.config/nvim/init.lua:0
051.584  000.001  000.001: sourcing nvim_exec2() called at /home/srs/.config/nvim/init.lua:0
051.587  000.001  000.001: sourcing nvim_exec2() called at /home/srs/.config/nvim/init.lua:0
051.589  000.001  000.001: sourcing nvim_exec2() called at /home/srs/.config/nvim/init.lua:0
051.591  000.001  000.001: sourcing nvim_exec2() called at /home/srs/.config/nvim/init.lua:0
051.595  000.001  000.001: sourcing nvim_exec2() called at /home/srs/.config/nvim/init.lua:0
051.598  000.001  000.001: sourcing nvim_exec2() called at /home/srs/.config/nvim/init.lua:0
051.601  000.001  000.001: sourcing nvim_exec2() called at /home/srs/.config/nvim/init.lua:0
051.603  000.001  000.001: sourcing nvim_exec2() called at /home/srs/.config/nvim/init.lua:0
051.606  000.001  000.001: sourcing nvim_exec2() called at /home/srs/.config/nvim/init.lua:0
051.608  000.001  000.001: sourcing nvim_exec2() called at /home/srs/.config/nvim/init.lua:0
051.612  000.002  000.002: sourcing nvim_exec2() called at /home/srs/.config/nvim/init.lua:0
051.614  000.001  000.001: sourcing nvim_exec2() called at /home/srs/.config/nvim/init.lua:0
051.631  000.003  000.003: sourcing nvim_exec2() called at /home/srs/.config/nvim/init.lua:0
051.634  000.001  000.001: sourcing nvim_exec2() called at /home/srs/.config/nvim/init.lua:0
051.636  000.001  000.001: sourcing nvim_exec2() called at /home/srs/.config/nvim/init.lua:0
051.640  000.001  000.001: sourcing nvim_exec2() called at /home/srs/.config/nvim/init.lua:0
051.643  000.001  000.001: sourcing nvim_exec2() called at /home/srs/.config/nvim/init.lua:0
051.645  000.001  000.001: sourcing nvim_exec2() called at /home/srs/.config/nvim/init.lua:0
051.648  000.002  000.002: sourcing nvim_exec2() called at /home/srs/.config/nvim/init.lua:0
051.651  000.001  000.001: sourcing nvim_exec2() called at /home/srs/.config/nvim/init.lua:0
051.657  000.003  000.003: sourcing nvim_exec2() called at /home/srs/.config/nvim/init.lua:0
051.659  000.001  000.001: sourcing nvim_exec2() called at /home/srs/.config/nvim/init.lua:0
051.662  000.001  000.001: sourcing nvim_exec2() called at /home/srs/.config/nvim/init.lua:0
051.664  000.001  000.001: sourcing nvim_exec2() called at /home/srs/.config/nvim/init.lua:0
051.667  000.001  000.001: sourcing nvim_exec2() called at /home/srs/.config/nvim/init.lua:0
051.670  000.001  000.001: sourcing nvim_exec2() called at /home/srs/.config/nvim/init.lua:0
051.675  000.002  000.002: sourcing nvim_exec2() called at /home/srs/.config/nvim/init.lua:0
051.678  000.001  000.001: sourcing nvim_exec2() called at /home/srs/.config/nvim/init.lua:0
051.681  000.001  000.001: sourcing nvim_exec2() called at /home/srs/.config/nvim/init.lua:0
051.730  000.048  000.048: sourcing nvim_exec2() called at /home/srs/.config/nvim/init.lua:0
051.736  000.003  000.003: sourcing nvim_exec2() called at /home/srs/.config/nvim/init.lua:0
051.739  000.002  000.002: sourcing nvim_exec2() called at /home/srs/.config/nvim/init.lua:0
051.742  000.001  000.001: sourcing nvim_exec2() called at /home/srs/.config/nvim/init.lua:0
051.745  000.001  000.001: sourcing nvim_exec2() called at /home/srs/.config/nvim/init.lua:0
051.747  000.001  000.001: sourcing nvim_exec2() called at /home/srs/.config/nvim/init.lua:0
051.749  000.001  000.001: sourcing nvim_exec2() called at /home/srs/.config/nvim/init.lua:0
051.753  000.001  000.001: sourcing nvim_exec2() called at /home/srs/.config/nvim/init.lua:0
051.756  000.001  000.001: sourcing nvim_exec2() called at /home/srs/.config/nvim/init.lua:0
051.777  000.015  000.015: sourcing nvim_exec2() called at /home/srs/.config/nvim/init.lua:0
051.782  000.002  000.002: sourcing nvim_exec2() called at /home/srs/.config/nvim/init.lua:0
051.787  000.001  000.001: sourcing nvim_exec2() called at /home/srs/.config/nvim/init.lua:0
051.790  000.001  000.001: sourcing nvim_exec2() called at /home/srs/.config/nvim/init.lua:0
051.794  000.002  000.002: sourcing nvim_exec2() called at /home/srs/.config/nvim/init.lua:0
051.797  000.002  000.002: sourcing nvim_exec2() called at /home/srs/.config/nvim/init.lua:0
051.801  000.002  000.002: sourcing nvim_exec2() called at /home/srs/.config/nvim/init.lua:0
051.804  000.001  000.001: sourcing nvim_exec2() called at /home/srs/.config/nvim/init.lua:0
051.806  000.001  000.001: sourcing nvim_exec2() called at /home/srs/.config/nvim/init.lua:0
051.811  000.001  000.001: sourcing nvim_exec2() called at /home/srs/.config/nvim/init.lua:0
051.826  000.001  000.001: sourcing nvim_exec2() called at /home/srs/.config/nvim/init.lua:0
051.830  000.002  000.002: sourcing nvim_exec2() called at /home/srs/.config/nvim/init.lua:0
051.833  000.001  000.001: sourcing nvim_exec2() called at /home/srs/.config/nvim/init.lua:0
051.835  000.001  000.001: sourcing nvim_exec2() called at /home/srs/.config/nvim/init.lua:0
051.838  000.001  000.001: sourcing nvim_exec2() called at /home/srs/.config/nvim/init.lua:0
051.842  000.002  000.002: sourcing nvim_exec2() called at /home/srs/.config/nvim/init.lua:0
051.844  000.001  000.001: sourcing nvim_exec2() called at /home/srs/.config/nvim/init.lua:0
051.847  000.002  000.002: sourcing nvim_exec2() called at /home/srs/.config/nvim/init.lua:0
051.850  000.001  000.001: sourcing nvim_exec2() called at /home/srs/.config/nvim/init.lua:0
051.853  000.002  000.002: sourcing nvim_exec2() called at /home/srs/.config/nvim/init.lua:0
051.857  000.002  000.002: sourcing nvim_exec2() called at /home/srs/.config/nvim/init.lua:0
051.861  000.002  000.002: sourcing nvim_exec2() called at /home/srs/.config/nvim/init.lua:0
051.865  000.002  000.002: sourcing nvim_exec2() called at /home/srs/.config/nvim/init.lua:0
051.869  000.002  000.002: sourcing nvim_exec2() called at /home/srs/.config/nvim/init.lua:0
051.873  000.002  000.002: sourcing nvim_exec2() called at /home/srs/.config/nvim/init.lua:0
051.876  000.002  000.002: sourcing nvim_exec2() called at /home/srs/.config/nvim/init.lua:0
051.879  000.002  000.002: sourcing nvim_exec2() called at /home/srs/.config/nvim/init.lua:0
051.882  000.002  000.002: sourcing nvim_exec2() called at /home/srs/.config/nvim/init.lua:0
051.885  000.002  000.002: sourcing nvim_exec2() called at /home/srs/.config/nvim/init.lua:0
051.894  000.002  000.002: sourcing nvim_exec2() called at /home/srs/.config/nvim/init.lua:0
051.897  000.002  000.002: sourcing nvim_exec2() called at /home/srs/.config/nvim/init.lua:0
051.901  000.002  000.002: sourcing nvim_exec2() called at /home/srs/.config/nvim/init.lua:0
051.904  000.002  000.002: sourcing nvim_exec2() called at /home/srs/.config/nvim/init.lua:0
051.907  000.001  000.001: sourcing nvim_exec2() called at /home/srs/.config/nvim/init.lua:0
051.910  000.002  000.002: sourcing nvim_exec2() called at /home/srs/.config/nvim/init.lua:0
051.913  000.002  000.002: sourcing nvim_exec2() called at /home/srs/.config/nvim/init.lua:0
051.916  000.001  000.001: sourcing nvim_exec2() called at /home/srs/.config/nvim/init.lua:0
051.918  000.001  000.001: sourcing nvim_exec2() called at /home/srs/.config/nvim/init.lua:0
051.921  000.001  000.001: sourcing nvim_exec2() called at /home/srs/.config/nvim/init.lua:0
051.925  000.001  000.001: sourcing nvim_exec2() called at /home/srs/.config/nvim/init.lua:0
051.927  000.001  000.001: sourcing nvim_exec2() called at /home/srs/.config/nvim/init.lua:0
051.930  000.001  000.001: sourcing nvim_exec2() called at /home/srs/.config/nvim/init.lua:0
051.932  000.001  000.001: sourcing nvim_exec2() called at /home/srs/.config/nvim/init.lua:0
051.934  000.001  000.001: sourcing nvim_exec2() called at /home/srs/.config/nvim/init.lua:0
051.937  000.001  000.001: sourcing nvim_exec2() called at /home/srs/.config/nvim/init.lua:0
051.939  000.001  000.001: sourcing nvim_exec2() called at /home/srs/.config/nvim/init.lua:0
051.967  000.004  000.004: sourcing nvim_exec2() called at /home/srs/.config/nvim/init.lua:0
051.974  000.002  000.002: sourcing nvim_exec2() called at /home/srs/.config/nvim/init.lua:0
051.977  000.001  000.001: sourcing nvim_exec2() called at /home/srs/.config/nvim/init.lua:0
051.980  000.002  000.002: sourcing nvim_exec2() called at /home/srs/.config/nvim/init.lua:0
051.983  000.002  000.002: sourcing nvim_exec2() called at /home/srs/.config/nvim/init.lua:0
051.986  000.002  000.002: sourcing nvim_exec2() called at /home/srs/.config/nvim/init.lua:0
051.989  000.002  000.002: sourcing nvim_exec2() called at /home/srs/.config/nvim/init.lua:0
051.992  000.001  000.001: sourcing nvim_exec2() called at /home/srs/.config/nvim/init.lua:0
051.994  000.001  000.001: sourcing nvim_exec2() called at /home/srs/.config/nvim/init.lua:0
051.997  000.001  000.001: sourcing nvim_exec2() called at /home/srs/.config/nvim/init.lua:0
051.999  000.001  000.001: sourcing nvim_exec2() called at /home/srs/.config/nvim/init.lua:0
052.005  000.001  000.001: sourcing nvim_exec2() called at /home/srs/.config/nvim/init.lua:0
052.008  000.001  000.001: sourcing nvim_exec2() called at /home/srs/.config/nvim/init.lua:0
052.011  000.002  000.002: sourcing nvim_exec2() called at /home/srs/.config/nvim/init.lua:0
052.015  000.002  000.002: sourcing nvim_exec2() called at /home/srs/.config/nvim/init.lua:0
052.020  000.002  000.002: sourcing nvim_exec2() called at /home/srs/.config/nvim/init.lua:0
052.035  000.002  000.002: sourcing nvim_exec2() called at /home/srs/.config/nvim/init.lua:0
052.039  000.002  000.002: sourcing nvim_exec2() called at /home/srs/.config/nvim/init.lua:0
052.042  000.001  000.001: sourcing nvim_exec2() called at /home/srs/.config/nvim/init.lua:0
052.046  000.002  000.002: sourcing nvim_exec2() called at /home/srs/.config/nvim/init.lua:0
052.050  000.002  000.002: sourcing nvim_exec2() called at /home/srs/.config/nvim/init.lua:0
052.054  000.001  000.001: sourcing nvim_exec2() called at /home/srs/.config/nvim/init.lua:0
052.057  000.001  000.001: sourcing nvim_exec2() called at /home/srs/.config/nvim/init.lua:0
052.061  000.002  000.002: sourcing nvim_exec2() called at /home/srs/.config/nvim/init.lua:0
052.063  000.001  000.001: sourcing nvim_exec2() called at /home/srs/.config/nvim/init.lua:0
052.066  000.001  000.001: sourcing nvim_exec2() called at /home/srs/.config/nvim/init.lua:0
052.069  000.002  000.002: sourcing nvim_exec2() called at /home/srs/.config/nvim/init.lua:0
052.072  000.002  000.002: sourcing nvim_exec2() called at /home/srs/.config/nvim/init.lua:0
052.076  000.002  000.002: sourcing nvim_exec2() called at /home/srs/.config/nvim/init.lua:0
052.080  000.002  000.002: sourcing nvim_exec2() called at /home/srs/.config/nvim/init.lua:0
052.083  000.002  000.002: sourcing nvim_exec2() called at /home/srs/.config/nvim/init.lua:0
052.088  000.002  000.002: sourcing nvim_exec2() called at /home/srs/.config/nvim/init.lua:0
052.092  000.002  000.002: sourcing nvim_exec2() called at /home/srs/.config/nvim/init.lua:0
052.113  000.001  000.001: sourcing nvim_exec2() called at /home/srs/.config/nvim/init.lua:0
052.116  000.002  000.002: sourcing nvim_exec2() called at /home/srs/.config/nvim/init.lua:0
052.120  000.002  000.002: sourcing nvim_exec2() called at /home/srs/.config/nvim/init.lua:0
052.123  000.001  000.001: sourcing nvim_exec2() called at /home/srs/.config/nvim/init.lua:0
052.126  000.002  000.002: sourcing nvim_exec2() called at /home/srs/.config/nvim/init.lua:0
052.129  000.002  000.002: sourcing nvim_exec2() called at /home/srs/.config/nvim/init.lua:0
052.133  000.002  000.002: sourcing nvim_exec2() called at /home/srs/.config/nvim/init.lua:0
052.137  000.002  000.002: sourcing nvim_exec2() called at /home/srs/.config/nvim/init.lua:0
052.142  000.002  000.002: sourcing nvim_exec2() called at /home/srs/.config/nvim/init.lua:0
052.147  000.002  000.002: sourcing nvim_exec2() called at /home/srs/.config/nvim/init.lua:0
052.150  000.001  000.001: sourcing nvim_exec2() called at /home/srs/.config/nvim/init.lua:0
052.153  000.002  000.002: sourcing nvim_exec2() called at /home/srs/.config/nvim/init.lua:0
052.156  000.001  000.001: sourcing nvim_exec2() called at /home/srs/.config/nvim/init.lua:0
052.173  000.015  000.015: sourcing nvim_exec2() called at /home/srs/.config/nvim/init.lua:0
052.177  000.002  000.002: sourcing nvim_exec2() called at /home/srs/.config/nvim/init.lua:0
052.182  000.003  000.003: sourcing nvim_exec2() called at /home/srs/.config/nvim/init.lua:0
052.186  000.002  000.002: sourcing nvim_exec2() called at /home/srs/.config/nvim/init.lua:0
052.191  000.002  000.002: sourcing nvim_exec2() called at /home/srs/.config/nvim/init.lua:0
052.204  000.011  000.011: sourcing nvim_exec2() called at /home/srs/.config/nvim/init.lua:0
052.207  000.001  000.001: sourcing nvim_exec2() called at /home/srs/.config/nvim/init.lua:0
052.211  000.002  000.002: sourcing nvim_exec2() called at /home/srs/.config/nvim/init.lua:0
052.214  000.001  000.001: sourcing nvim_exec2() called at /home/srs/.config/nvim/init.lua:0
052.218  000.002  000.002: sourcing nvim_exec2() called at /home/srs/.config/nvim/init.lua:0
052.222  000.002  000.002: sourcing nvim_exec2() called at /home/srs/.config/nvim/init.lua:0
052.226  000.002  000.002: sourcing nvim_exec2() called at /home/srs/.config/nvim/init.lua:0
052.230  000.002  000.002: sourcing nvim_exec2() called at /home/srs/.config/nvim/init.lua:0
052.251  000.020  000.020: sourcing nvim_exec2() called at /home/srs/.config/nvim/init.lua:0
052.259  000.004  000.004: sourcing nvim_exec2() called at /home/srs/.config/nvim/init.lua:0
052.263  000.002  000.002: sourcing nvim_exec2() called at /home/srs/.config/nvim/init.lua:0
052.267  000.002  000.002: sourcing nvim_exec2() called at /home/srs/.config/nvim/init.lua:0
052.271  000.002  000.002: sourcing nvim_exec2() called at /home/srs/.config/nvim/init.lua:0
052.275  000.002  000.002: sourcing nvim_exec2() called at /home/srs/.config/nvim/init.lua:0
052.278  000.001  000.001: sourcing nvim_exec2() called at /home/srs/.config/nvim/init.lua:0
052.282  000.002  000.002: sourcing nvim_exec2() called at /home/srs/.config/nvim/init.lua:0
052.321  000.037  000.037: sourcing nvim_exec2() called at /home/srs/.config/nvim/init.lua:0
052.327  000.002  000.002: sourcing nvim_exec2() called at /home/srs/.config/nvim/init.lua:0
052.333  000.002  000.002: sourcing nvim_exec2() called at /home/srs/.config/nvim/init.lua:0
052.336  000.001  000.001: sourcing nvim_exec2() called at /home/srs/.config/nvim/init.lua:0
052.339  000.002  000.002: sourcing nvim_exec2() called at /home/srs/.config/nvim/init.lua:0
052.344  000.002  000.002: sourcing nvim_exec2() called at /home/srs/.config/nvim/init.lua:0
052.349  000.003  000.003: sourcing nvim_exec2() called at /home/srs/.config/nvim/init.lua:0
052.356  000.003  000.003: sourcing nvim_exec2() called at /home/srs/.config/nvim/init.lua:0
052.360  000.002  000.002: sourcing nvim_exec2() called at /home/srs/.config/nvim/init.lua:0
052.365  000.002  000.002: sourcing nvim_exec2() called at /home/srs/.config/nvim/init.lua:0
052.369  000.002  000.002: sourcing nvim_exec2() called at /home/srs/.config/nvim/init.lua:0
052.373  000.002  000.002: sourcing nvim_exec2() called at /home/srs/.config/nvim/init.lua:0
052.378  000.002  000.002: sourcing nvim_exec2() called at /home/srs/.config/nvim/init.lua:0
052.381  000.001  000.001: sourcing nvim_exec2() called at /home/srs/.config/nvim/init.lua:0
052.425  000.005  000.005: sourcing nvim_exec2() called at /home/srs/.config/nvim/init.lua:0
052.433  000.002  000.002: sourcing nvim_exec2() called at /home/srs/.config/nvim/init.lua:0
052.438  000.003  000.003: sourcing nvim_exec2() called at /home/srs/.config/nvim/init.lua:0
052.441  000.001  000.001: sourcing nvim_exec2() called at /home/srs/.config/nvim/init.lua:0
052.448  000.003  000.003: sourcing nvim_exec2() called at /home/srs/.config/nvim/init.lua:0
052.457  000.003  000.003: sourcing nvim_exec2() called at /home/srs/.config/nvim/init.lua:0
052.461  000.002  000.002: sourcing nvim_exec2() called at /home/srs/.config/nvim/init.lua:0
052.467  000.002  000.002: sourcing nvim_exec2() called at /home/srs/.config/nvim/init.lua:0
052.471  000.002  000.002: sourcing nvim_exec2() called at /home/srs/.config/nvim/init.lua:0
052.475  000.002  000.002: sourcing nvim_exec2() called at /home/srs/.config/nvim/init.lua:0
052.479  000.002  000.002: sourcing nvim_exec2() called at /home/srs/.config/nvim/init.lua:0
052.483  000.001  000.001: sourcing nvim_exec2() called at /home/srs/.config/nvim/init.lua:0
052.486  000.001  000.001: sourcing nvim_exec2() called at /home/srs/.config/nvim/init.lua:0
052.489  000.001  000.001: sourcing nvim_exec2() called at /home/srs/.config/nvim/init.lua:0
052.491  000.001  000.001: sourcing nvim_exec2() called at /home/srs/.config/nvim/init.lua:0
052.494  000.001  000.001: sourcing nvim_exec2() called at /home/srs/.config/nvim/init.lua:0
052.499  000.002  000.002: sourcing nvim_exec2() called at /home/srs/.config/nvim/init.lua:0
052.502  000.001  000.001: sourcing nvim_exec2() called at /home/srs/.config/nvim/init.lua:0
052.504  000.001  000.001: sourcing nvim_exec2() called at /home/srs/.config/nvim/init.lua:0
052.507  000.001  000.001: sourcing nvim_exec2() called at /home/srs/.config/nvim/init.lua:0
052.509  000.001  000.001: sourcing nvim_exec2() called at /home/srs/.config/nvim/init.lua:0
052.513  000.002  000.002: sourcing nvim_exec2() called at /home/srs/.config/nvim/init.lua:0
052.516  000.002  000.002: sourcing nvim_exec2() called at /home/srs/.config/nvim/init.lua:0
052.549  000.004  000.004: sourcing nvim_exec2() called at /home/srs/.config/nvim/init.lua:0
052.553  000.002  000.002: sourcing nvim_exec2() called at /home/srs/.config/nvim/init.lua:0
052.557  000.002  000.002: sourcing nvim_exec2() called at /home/srs/.config/nvim/init.lua:0
052.563  000.002  000.002: sourcing nvim_exec2() called at /home/srs/.config/nvim/init.lua:0
052.570  000.003  000.003: sourcing nvim_exec2() called at /home/srs/.config/nvim/init.lua:0
052.575  000.002  000.002: sourcing nvim_exec2() called at /home/srs/.config/nvim/init.lua:0
052.580  000.002  000.002: sourcing nvim_exec2() called at /home/srs/.config/nvim/init.lua:0
052.584  000.002  000.002: sourcing nvim_exec2() called at /home/srs/.config/nvim/init.lua:0
052.589  000.003  000.003: sourcing nvim_exec2() called at /home/srs/.config/nvim/init.lua:0
052.594  000.002  000.002: sourcing nvim_exec2() called at /home/srs/.config/nvim/init.lua:0
052.599  000.002  000.002: sourcing nvim_exec2() called at /home/srs/.config/nvim/init.lua:0
052.603  000.002  000.002: sourcing nvim_exec2() called at /home/srs/.config/nvim/init.lua:0
052.610  000.002  000.002: sourcing nvim_exec2() called at /home/srs/.config/nvim/init.lua:0
052.613  000.001  000.001: sourcing nvim_exec2() called at /home/srs/.config/nvim/init.lua:0
052.616  000.001  000.001: sourcing nvim_exec2() called at /home/srs/.config/nvim/init.lua:0
052.619  000.001  000.001: sourcing nvim_exec2() called at /home/srs/.config/nvim/init.lua:0
052.622  000.001  000.001: sourcing nvim_exec2() called at /home/srs/.config/nvim/init.lua:0
052.625  000.001  000.001: sourcing nvim_exec2() called at /home/srs/.config/nvim/init.lua:0
052.628  000.001  000.001: sourcing nvim_exec2() called at /home/srs/.config/nvim/init.lua:0
052.631  000.001  000.001: sourcing nvim_exec2() called at /home/srs/.config/nvim/init.lua:0
052.633  000.001  000.001: sourcing nvim_exec2() called at /home/srs/.config/nvim/init.lua:0
052.636  000.001  000.001: sourcing nvim_exec2() called at /home/srs/.config/nvim/init.lua:0
052.639  000.002  000.002: sourcing nvim_exec2() called at /home/srs/.config/nvim/init.lua:0
052.644  000.002  000.002: sourcing nvim_exec2() called at /home/srs/.config/nvim/init.lua:0
052.678  000.004  000.004: sourcing nvim_exec2() called at /home/srs/.config/nvim/init.lua:0
052.682  000.002  000.002: sourcing nvim_exec2() called at /home/srs/.config/nvim/init.lua:0
052.686  000.002  000.002: sourcing nvim_exec2() called at /home/srs/.config/nvim/init.lua:0
052.689  000.002  000.002: sourcing nvim_exec2() called at /home/srs/.config/nvim/init.lua:0
052.693  000.002  000.002: sourcing nvim_exec2() called at /home/srs/.config/nvim/init.lua:0
052.696  000.002  000.002: sourcing nvim_exec2() called at /home/srs/.config/nvim/init.lua:0
052.702  000.002  000.002: sourcing nvim_exec2() called at /home/srs/.config/nvim/init.lua:0
052.705  000.002  000.002: sourcing nvim_exec2() called at /home/srs/.config/nvim/init.lua:0
052.709  000.002  000.002: sourcing nvim_exec2() called at /home/srs/.config/nvim/init.lua:0
052.712  000.002  000.002: sourcing nvim_exec2() called at /home/srs/.config/nvim/init.lua:0
052.715  000.002  000.002: sourcing nvim_exec2() called at /home/srs/.config/nvim/init.lua:0
052.719  000.002  000.002: sourcing nvim_exec2() called at /home/srs/.config/nvim/init.lua:0
052.722  000.002  000.002: sourcing nvim_exec2() called at /home/srs/.config/nvim/init.lua:0
052.725  000.001  000.001: sourcing nvim_exec2() called at /home/srs/.config/nvim/init.lua:0
052.729  000.002  000.002: sourcing nvim_exec2() called at /home/srs/.config/nvim/init.lua:0
052.733  000.002  000.002: sourcing nvim_exec2() called at /home/srs/.config/nvim/init.lua:0
052.737  000.001  000.001: sourcing nvim_exec2() called at /home/srs/.config/nvim/init.lua:0
052.740  000.002  000.002: sourcing nvim_exec2() called at /home/srs/.config/nvim/init.lua:0
052.743  000.001  000.001: sourcing nvim_exec2() called at /home/srs/.config/nvim/init.lua:0
052.747  000.002  000.002: sourcing nvim_exec2() called at /home/srs/.config/nvim/init.lua:0
052.749  000.001  000.001: sourcing nvim_exec2() called at /home/srs/.config/nvim/init.lua:0
052.753  000.002  000.002: sourcing nvim_exec2() called at /home/srs/.config/nvim/init.lua:0
052.756  000.002  000.002: sourcing nvim_exec2() called at /home/srs/.config/nvim/init.lua:0
052.801  000.004  000.004: sourcing nvim_exec2() called at /home/srs/.config/nvim/init.lua:0
052.807  000.003  000.003: sourcing nvim_exec2() called at /home/srs/.config/nvim/init.lua:0
052.816  000.003  000.003: sourcing nvim_exec2() called at /home/srs/.config/nvim/init.lua:0
052.821  000.002  000.002: sourcing nvim_exec2() called at /home/srs/.config/nvim/init.lua:0
052.825  000.002  000.002: sourcing nvim_exec2() called at /home/srs/.config/nvim/init.lua:0
052.842  000.002  000.002: sourcing nvim_exec2() called at /home/srs/.config/nvim/init.lua:0
052.845  000.002  000.002: sourcing nvim_exec2() called at /home/srs/.config/nvim/init.lua:0
052.849  000.002  000.002: sourcing nvim_exec2() called at /home/srs/.config/nvim/init.lua:0
052.852  000.002  000.002: sourcing nvim_exec2() called at /home/srs/.config/nvim/init.lua:0
052.856  000.002  000.002: sourcing nvim_exec2() called at /home/srs/.config/nvim/init.lua:0
052.859  000.002  000.002: sourcing nvim_exec2() called at /home/srs/.config/nvim/init.lua:0
052.864  000.002  000.002: sourcing nvim_exec2() called at /home/srs/.config/nvim/init.lua:0
052.867  000.002  000.002: sourcing nvim_exec2() called at /home/srs/.config/nvim/init.lua:0
052.872  000.002  000.002: sourcing nvim_exec2() called at /home/srs/.config/nvim/init.lua:0
052.875  000.002  000.002: sourcing nvim_exec2() called at /home/srs/.config/nvim/init.lua:0
052.879  000.002  000.002: sourcing nvim_exec2() called at /home/srs/.config/nvim/init.lua:0
052.884  000.003  000.003: sourcing nvim_exec2() called at /home/srs/.config/nvim/init.lua:0
052.887  000.001  000.001: sourcing nvim_exec2() called at /home/srs/.config/nvim/init.lua:0
052.890  000.001  000.001: sourcing nvim_exec2() called at /home/srs/.config/nvim/init.lua:0
052.893  000.001  000.001: sourcing nvim_exec2() called at /home/srs/.config/nvim/init.lua:0
052.896  000.001  000.001: sourcing nvim_exec2() called at /home/srs/.config/nvim/init.lua:0
052.900  000.001  000.001: sourcing nvim_exec2() called at /home/srs/.config/nvim/init.lua:0
052.903  000.001  000.001: sourcing nvim_exec2() called at /home/srs/.config/nvim/init.lua:0
052.905  000.001  000.001: sourcing nvim_exec2() called at /home/srs/.config/nvim/init.lua:0
052.908  000.001  000.001: sourcing nvim_exec2() called at /home/srs/.config/nvim/init.lua:0
052.910  000.001  000.001: sourcing nvim_exec2() called at /home/srs/.config/nvim/init.lua:0
052.913  000.001  000.001: sourcing nvim_exec2() called at /home/srs/.config/nvim/init.lua:0
052.916  000.002  000.002: sourcing nvim_exec2() called at /home/srs/.config/nvim/init.lua:0
052.919  000.001  000.001: sourcing nvim_exec2() called at /home/srs/.config/nvim/init.lua:0
052.922  000.002  000.002: sourcing nvim_exec2() called at /home/srs/.config/nvim/init.lua:0
052.924  000.001  000.001: sourcing nvim_exec2() called at /home/srs/.config/nvim/init.lua:0
052.927  000.001  000.001: sourcing nvim_exec2() called at /home/srs/.config/nvim/init.lua:0
052.929  000.001  000.001: sourcing nvim_exec2() called at /home/srs/.config/nvim/init.lua:0
052.934  000.001  000.001: sourcing nvim_exec2() called at /home/srs/.config/nvim/init.lua:0
052.936  000.001  000.001: sourcing nvim_exec2() called at /home/srs/.config/nvim/init.lua:0
052.939  000.001  000.001: sourcing nvim_exec2() called at /home/srs/.config/nvim/init.lua:0
052.942  000.001  000.001: sourcing nvim_exec2() called at /home/srs/.config/nvim/init.lua:0
052.945  000.001  000.001: sourcing nvim_exec2() called at /home/srs/.config/nvim/init.lua:0
052.947  000.001  000.001: sourcing nvim_exec2() called at /home/srs/.config/nvim/init.lua:0
052.950  000.001  000.001: sourcing nvim_exec2() called at /home/srs/.config/nvim/init.lua:0
052.952  000.001  000.001: sourcing nvim_exec2() called at /home/srs/.config/nvim/init.lua:0
052.990  000.002  000.002: sourcing nvim_exec2() called at /home/srs/.config/nvim/init.lua:0
052.994  000.001  000.001: sourcing nvim_exec2() called at /home/srs/.config/nvim/init.lua:0
052.997  000.001  000.001: sourcing nvim_exec2() called at /home/srs/.config/nvim/init.lua:0
053.000  000.001  000.001: sourcing nvim_exec2() called at /home/srs/.config/nvim/init.lua:0
053.005  000.001  000.001: sourcing nvim_exec2() called at /home/srs/.config/nvim/init.lua:0
053.008  000.001  000.001: sourcing nvim_exec2() called at /home/srs/.config/nvim/init.lua:0
053.010  000.001  000.001: sourcing nvim_exec2() called at /home/srs/.config/nvim/init.lua:0
053.013  000.001  000.001: sourcing nvim_exec2() called at /home/srs/.config/nvim/init.lua:0
053.015  000.001  000.001: sourcing nvim_exec2() called at /home/srs/.config/nvim/init.lua:0
053.018  000.001  000.001: sourcing nvim_exec2() called at /home/srs/.config/nvim/init.lua:0
053.021  000.001  000.001: sourcing nvim_exec2() called at /home/srs/.config/nvim/init.lua:0
053.023  000.001  000.001: sourcing nvim_exec2() called at /home/srs/.config/nvim/init.lua:0
053.028  000.003  000.003: sourcing nvim_exec2() called at /home/srs/.config/nvim/init.lua:0
053.032  000.002  000.002: sourcing nvim_exec2() called at /home/srs/.config/nvim/init.lua:0
053.036  000.002  000.002: sourcing nvim_exec2() called at /home/srs/.config/nvim/init.lua:0
053.041  000.001  000.001: sourcing nvim_exec2() called at /home/srs/.config/nvim/init.lua:0
053.058  000.015  000.015: sourcing nvim_exec2() called at /home/srs/.config/nvim/init.lua:0
053.061  000.002  000.002: sourcing nvim_exec2() called at /home/srs/.config/nvim/init.lua:0
053.065  000.002  000.002: sourcing nvim_exec2() called at /home/srs/.config/nvim/init.lua:0
053.067  000.001  000.001: sourcing nvim_exec2() called at /home/srs/.config/nvim/init.lua:0
053.070  000.001  000.001: sourcing nvim_exec2() called at /home/srs/.config/nvim/init.lua:0
053.073  000.001  000.001: sourcing nvim_exec2() called at /home/srs/.config/nvim/init.lua:0
053.076  000.001  000.001: sourcing nvim_exec2() called at /home/srs/.config/nvim/init.lua:0
053.078  000.001  000.001: sourcing nvim_exec2() called at /home/srs/.config/nvim/init.lua:0
053.081  000.002  000.002: sourcing nvim_exec2() called at /home/srs/.config/nvim/init.lua:0
053.085  000.001  000.001: sourcing nvim_exec2() called at /home/srs/.config/nvim/init.lua:0
053.088  000.001  000.001: sourcing nvim_exec2() called at /home/srs/.config/nvim/init.lua:0
053.091  000.002  000.002: sourcing nvim_exec2() called at /home/srs/.config/nvim/init.lua:0
053.093  000.001  000.001: sourcing nvim_exec2() called at /home/srs/.config/nvim/init.lua:0
053.096  000.001  000.001: sourcing nvim_exec2() called at /home/srs/.config/nvim/init.lua:0
053.100  000.002  000.002: sourcing nvim_exec2() called at /home/srs/.config/nvim/init.lua:0
053.104  000.002  000.002: sourcing nvim_exec2() called at /home/srs/.config/nvim/init.lua:0
053.109  000.003  000.003: sourcing nvim_exec2() called at /home/srs/.config/nvim/init.lua:0
053.113  000.002  000.002: sourcing nvim_exec2() called at /home/srs/.config/nvim/init.lua:0
053.117  000.002  000.002: sourcing nvim_exec2() called at /home/srs/.config/nvim/init.lua:0
053.122  000.002  000.002: sourcing nvim_exec2() called at /home/srs/.config/nvim/init.lua:0
053.126  000.002  000.002: sourcing nvim_exec2() called at /home/srs/.config/nvim/init.lua:0
053.129  000.002  000.002: sourcing nvim_exec2() called at /home/srs/.config/nvim/init.lua:0
053.133  000.002  000.002: sourcing nvim_exec2() called at /home/srs/.config/nvim/init.lua:0
053.136  000.002  000.002: sourcing nvim_exec2() called at /home/srs/.config/nvim/init.lua:0
053.139  000.002  000.002: sourcing nvim_exec2() called at /home/srs/.config/nvim/init.lua:0
053.162  000.003  000.003: sourcing nvim_exec2() called at /home/srs/.config/nvim/init.lua:0
053.165  000.001  000.001: sourcing nvim_exec2() called at /home/srs/.config/nvim/init.lua:0
053.171  000.002  000.002: sourcing nvim_exec2() called at /home/srs/.config/nvim/init.lua:0
053.174  000.001  000.001: sourcing nvim_exec2() called at /home/srs/.config/nvim/init.lua:0
053.177  000.002  000.002: sourcing nvim_exec2() called at /home/srs/.config/nvim/init.lua:0
053.180  000.002  000.002: sourcing nvim_exec2() called at /home/srs/.config/nvim/init.lua:0
053.183  000.002  000.002: sourcing nvim_exec2() called at /home/srs/.config/nvim/init.lua:0
053.186  000.002  000.002: sourcing nvim_exec2() called at /home/srs/.config/nvim/init.lua:0
053.190  000.002  000.002: sourcing nvim_exec2() called at /home/srs/.config/nvim/init.lua:0
053.192  000.001  000.001: sourcing nvim_exec2() called at /home/srs/.config/nvim/init.lua:0
053.195  000.001  000.001: sourcing nvim_exec2() called at /home/srs/.config/nvim/init.lua:0
053.200  000.002  000.002: sourcing nvim_exec2() called at /home/srs/.config/nvim/init.lua:0
053.203  000.001  000.001: sourcing nvim_exec2() called at /home/srs/.config/nvim/init.lua:0
053.206  000.002  000.002: sourcing nvim_exec2() called at /home/srs/.config/nvim/init.lua:0
053.210  000.002  000.002: sourcing nvim_exec2() called at /home/srs/.config/nvim/init.lua:0
053.213  000.001  000.001: sourcing nvim_exec2() called at /home/srs/.config/nvim/init.lua:0
053.216  000.001  000.001: sourcing nvim_exec2() called at /home/srs/.config/nvim/init.lua:0
053.219  000.001  000.001: sourcing nvim_exec2() called at /home/srs/.config/nvim/init.lua:0
053.221  000.001  000.001: sourcing nvim_exec2() called at /home/srs/.config/nvim/init.lua:0
053.224  000.001  000.001: sourcing nvim_exec2() called at /home/srs/.config/nvim/init.lua:0
053.227  000.001  000.001: sourcing nvim_exec2() called at /home/srs/.config/nvim/init.lua:0
053.229  000.001  000.001: sourcing nvim_exec2() called at /home/srs/.config/nvim/init.lua:0
053.237  000.002  000.002: sourcing nvim_exec2() called at /home/srs/.config/nvim/init.lua:0
053.240  000.002  000.002: sourcing nvim_exec2() called at /home/srs/.config/nvim/init.lua:0
053.243  000.001  000.001: sourcing nvim_exec2() called at /home/srs/.config/nvim/init.lua:0
053.245  000.001  000.001: sourcing nvim_exec2() called at /home/srs/.config/nvim/init.lua:0
053.248  000.001  000.001: sourcing nvim_exec2() called at /home/srs/.config/nvim/init.lua:0
053.252  000.002  000.002: sourcing nvim_exec2() called at /home/srs/.config/nvim/init.lua:0
053.254  000.001  000.001: sourcing nvim_exec2() called at /home/srs/.config/nvim/init.lua:0
053.257  000.001  000.001: sourcing nvim_exec2() called at /home/srs/.config/nvim/init.lua:0
053.259  000.001  000.001: sourcing nvim_exec2() called at /home/srs/.config/nvim/init.lua:0
053.262  000.001  000.001: sourcing nvim_exec2() called at /home/srs/.config/nvim/init.lua:0
053.264  000.001  000.001: sourcing nvim_exec2() called at /home/srs/.config/nvim/init.lua:0
053.268  000.001  000.001: sourcing nvim_exec2() called at /home/srs/.config/nvim/init.lua:0
053.272  000.002  000.002: sourcing nvim_exec2() called at /home/srs/.config/nvim/init.lua:0
053.275  000.002  000.002: sourcing nvim_exec2() called at /home/srs/.config/nvim/init.lua:0
053.278  000.001  000.001: sourcing nvim_exec2() called at /home/srs/.config/nvim/init.lua:0
053.281  000.001  000.001: sourcing nvim_exec2() called at /home/srs/.config/nvim/init.lua:0
053.283  000.001  000.001: sourcing nvim_exec2() called at /home/srs/.config/nvim/init.lua:0
053.286  000.002  000.002: sourcing nvim_exec2() called at /home/srs/.config/nvim/init.lua:0
053.290  000.002  000.002: sourcing nvim_exec2() called at /home/srs/.config/nvim/init.lua:0
053.292  000.001  000.001: sourcing nvim_exec2() called at /home/srs/.config/nvim/init.lua:0
053.295  000.002  000.002: sourcing nvim_exec2() called at /home/srs/.config/nvim/init.lua:0
053.300  000.002  000.002: sourcing nvim_exec2() called at /home/srs/.config/nvim/init.lua:0
053.304  000.002  000.002: sourcing nvim_exec2() called at /home/srs/.config/nvim/init.lua:0
053.307  000.001  000.001: sourcing nvim_exec2() called at /home/srs/.config/nvim/init.lua:0
053.310  000.001  000.001: sourcing nvim_exec2() called at /home/srs/.config/nvim/init.lua:0
053.313  000.001  000.001: sourcing nvim_exec2() called at /home/srs/.config/nvim/init.lua:0
053.329  000.003  000.003: sourcing nvim_exec2() called at /home/srs/.config/nvim/init.lua:0
053.333  000.002  000.002: sourcing nvim_exec2() called at /home/srs/.config/nvim/init.lua:0
053.336  000.002  000.002: sourcing nvim_exec2() called at /home/srs/.config/nvim/init.lua:0
053.340  000.002  000.002: sourcing nvim_exec2() called at /home/srs/.config/nvim/init.lua:0
053.343  000.002  000.002: sourcing nvim_exec2() called at /home/srs/.config/nvim/init.lua:0
053.347  000.002  000.002: sourcing nvim_exec2() called at /home/srs/.config/nvim/init.lua:0
053.350  000.002  000.002: sourcing nvim_exec2() called at /home/srs/.config/nvim/init.lua:0
053.354  000.002  000.002: sourcing nvim_exec2() called at /home/srs/.config/nvim/init.lua:0
053.357  000.001  000.001: sourcing nvim_exec2() called at /home/srs/.config/nvim/init.lua:0
053.362  000.002  000.002: sourcing nvim_exec2() called at /home/srs/.config/nvim/init.lua:0
053.366  000.002  000.002: sourcing nvim_exec2() called at /home/srs/.config/nvim/init.lua:0
053.370  000.002  000.002: sourcing nvim_exec2() called at /home/srs/.config/nvim/init.lua:0
053.373  000.002  000.002: sourcing nvim_exec2() called at /home/srs/.config/nvim/init.lua:0
053.385  000.002  000.002: sourcing nvim_exec2() called at /home/srs/.config/nvim/init.lua:0
053.389  000.002  000.002: sourcing nvim_exec2() called at /home/srs/.config/nvim/init.lua:0
053.392  000.002  000.002: sourcing nvim_exec2() called at /home/srs/.config/nvim/init.lua:0
053.395  000.002  000.002: sourcing nvim_exec2() called at /home/srs/.config/nvim/init.lua:0
053.398  000.002  000.002: sourcing nvim_exec2() called at /home/srs/.config/nvim/init.lua:0
053.401  000.001  000.001: sourcing nvim_exec2() called at /home/srs/.config/nvim/init.lua:0
053.406  000.003  000.003: sourcing nvim_exec2() called at /home/srs/.config/nvim/init.lua:0
053.408  000.001  000.001: sourcing nvim_exec2() called at /home/srs/.config/nvim/init.lua:0
053.411  000.001  000.001: sourcing nvim_exec2() called at /home/srs/.config/nvim/init.lua:0
053.414  000.001  000.001: sourcing nvim_exec2() called at /home/srs/.config/nvim/init.lua:0
053.419  000.002  000.002: sourcing nvim_exec2() called at /home/srs/.config/nvim/init.lua:0
053.507  000.086  000.086: sourcing nvim_exec2() called at /home/srs/.config/nvim/init.lua:0
053.515  000.003  000.003: sourcing nvim_exec2() called at /home/srs/.config/nvim/init.lua:0
053.518  000.001  000.001: sourcing nvim_exec2() called at /home/srs/.config/nvim/init.lua:0
053.521  000.001  000.001: sourcing nvim_exec2() called at /home/srs/.config/nvim/init.lua:0
053.523  000.001  000.001: sourcing nvim_exec2() called at /home/srs/.config/nvim/init.lua:0
053.526  000.001  000.001: sourcing nvim_exec2() called at /home/srs/.config/nvim/init.lua:0
053.529  000.002  000.002: sourcing nvim_exec2() called at /home/srs/.config/nvim/init.lua:0
053.533  000.002  000.002: sourcing nvim_exec2() called at /home/srs/.config/nvim/init.lua:0
053.537  000.002  000.002: sourcing nvim_exec2() called at /home/srs/.config/nvim/init.lua:0
053.541  000.001  000.001: sourcing nvim_exec2() called at /home/srs/.config/nvim/init.lua:0
053.545  000.002  000.002: sourcing nvim_exec2() called at /home/srs/.config/nvim/init.lua:0
053.549  000.002  000.002: sourcing nvim_exec2() called at /home/srs/.config/nvim/init.lua:0
053.554  000.003  000.003: sourcing nvim_exec2() called at /home/srs/.config/nvim/init.lua:0
053.557  000.002  000.002: sourcing nvim_exec2() called at /home/srs/.config/nvim/init.lua:0
053.561  000.002  000.002: sourcing nvim_exec2() called at /home/srs/.config/nvim/init.lua:0
053.564  000.002  000.002: sourcing nvim_exec2() called at /home/srs/.config/nvim/init.lua:0
053.567  000.002  000.002: sourcing nvim_exec2() called at /home/srs/.config/nvim/init.lua:0
053.570  000.002  000.002: sourcing nvim_exec2() called at /home/srs/.config/nvim/init.lua:0
053.575  000.002  000.002: sourcing nvim_exec2() called at /home/srs/.config/nvim/init.lua:0
053.579  000.002  000.002: sourcing nvim_exec2() called at /home/srs/.config/nvim/init.lua:0
053.582  000.001  000.001: sourcing nvim_exec2() called at /home/srs/.config/nvim/init.lua:0
053.585  000.002  000.002: sourcing nvim_exec2() called at /home/srs/.config/nvim/init.lua:0
053.588  000.002  000.002: sourcing nvim_exec2() called at /home/srs/.config/nvim/init.lua:0
053.592  000.001  000.001: sourcing nvim_exec2() called at /home/srs/.config/nvim/init.lua:0
053.595  000.002  000.002: sourcing nvim_exec2() called at /home/srs/.config/nvim/init.lua:0
053.598  000.002  000.002: sourcing nvim_exec2() called at /home/srs/.config/nvim/init.lua:0
053.601  000.002  000.002: sourcing nvim_exec2() called at /home/srs/.config/nvim/init.lua:0
053.605  000.002  000.002: sourcing nvim_exec2() called at /home/srs/.config/nvim/init.lua:0
053.609  000.002  000.002: sourcing nvim_exec2() called at /home/srs/.config/nvim/init.lua:0
053.613  000.002  000.002: sourcing nvim_exec2() called at /home/srs/.config/nvim/init.lua:0
053.616  000.002  000.002: sourcing nvim_exec2() called at /home/srs/.config/nvim/init.lua:0
053.619  000.001  000.001: sourcing nvim_exec2() called at /home/srs/.config/nvim/init.lua:0
053.622  000.002  000.002: sourcing nvim_exec2() called at /home/srs/.config/nvim/init.lua:0
053.625  000.001  000.001: sourcing nvim_exec2() called at /home/srs/.config/nvim/init.lua:0
053.629  000.002  000.002: sourcing nvim_exec2() called at /home/srs/.config/nvim/init.lua:0
053.632  000.001  000.001: sourcing nvim_exec2() called at /home/srs/.config/nvim/init.lua:0
053.635  000.001  000.001: sourcing nvim_exec2() called at /home/srs/.config/nvim/init.lua:0
053.639  000.002  000.002: sourcing nvim_exec2() called at /home/srs/.config/nvim/init.lua:0
053.664  000.002  000.002: sourcing nvim_exec2() called at /home/srs/.config/nvim/init.lua:0
053.667  000.002  000.002: sourcing nvim_exec2() called at /home/srs/.config/nvim/init.lua:0
053.671  000.002  000.002: sourcing nvim_exec2() called at /home/srs/.config/nvim/init.lua:0
053.675  000.002  000.002: sourcing nvim_exec2() called at /home/srs/.config/nvim/init.lua:0
053.679  000.002  000.002: sourcing nvim_exec2() called at /home/srs/.config/nvim/init.lua:0
053.683  000.002  000.002: sourcing nvim_exec2() called at /home/srs/.config/nvim/init.lua:0
053.687  000.002  000.002: sourcing nvim_exec2() called at /home/srs/.config/nvim/init.lua:0
053.691  000.002  000.002: sourcing nvim_exec2() called at /home/srs/.config/nvim/init.lua:0
053.694  000.001  000.001: sourcing nvim_exec2() called at /home/srs/.config/nvim/init.lua:0
053.698  000.001  000.001: sourcing nvim_exec2() called at /home/srs/.config/nvim/init.lua:0
053.701  000.001  000.001: sourcing nvim_exec2() called at /home/srs/.config/nvim/init.lua:0
053.706  000.002  000.002: sourcing nvim_exec2() called at /home/srs/.config/nvim/init.lua:0
053.708  000.001  000.001: sourcing nvim_exec2() called at /home/srs/.config/nvim/init.lua:0
053.711  000.001  000.001: sourcing nvim_exec2() called at /home/srs/.config/nvim/init.lua:0
053.714  000.001  000.001: sourcing nvim_exec2() called at /home/srs/.config/nvim/init.lua:0
053.718  000.001  000.001: sourcing nvim_exec2() called at /home/srs/.config/nvim/init.lua:0
053.720  000.001  000.001: sourcing nvim_exec2() called at /home/srs/.config/nvim/init.lua:0
053.723  000.001  000.001: sourcing nvim_exec2() called at /home/srs/.config/nvim/init.lua:0
053.726  000.001  000.001: sourcing nvim_exec2() called at /home/srs/.config/nvim/init.lua:0
053.731  000.002  000.002: sourcing nvim_exec2() called at /home/srs/.config/nvim/init.lua:0
053.738  000.002  000.002: sourcing nvim_exec2() called at /home/srs/.config/nvim/init.lua:0
053.742  000.002  000.002: sourcing nvim_exec2() called at /home/srs/.config/nvim/init.lua:0
053.746  000.002  000.002: sourcing nvim_exec2() called at /home/srs/.config/nvim/init.lua:0
053.752  000.003  000.003: sourcing nvim_exec2() called at /home/srs/.config/nvim/init.lua:0
053.757  000.002  000.002: sourcing nvim_exec2() called at /home/srs/.config/nvim/init.lua:0
053.781  000.004  000.004: sourcing nvim_exec2() called at /home/srs/.config/nvim/init.lua:0
053.826  000.003  000.003: sourcing nvim_exec2() called at /home/srs/.config/nvim/init.lua:0
053.831  000.002  000.002: sourcing nvim_exec2() called at /home/srs/.config/nvim/init.lua:0
053.867  000.031  000.031: sourcing nvim_exec2() called at /home/srs/.config/nvim/init.lua:0
053.872  000.002  000.002: sourcing nvim_exec2() called at /home/srs/.config/nvim/init.lua:0
053.875  000.001  000.001: sourcing nvim_exec2() called at /home/srs/.config/nvim/init.lua:0
053.892  000.002  000.002: sourcing nvim_exec2() called at /home/srs/.config/nvim/init.lua:0
053.895  000.001  000.001: sourcing nvim_exec2() called at /home/srs/.config/nvim/init.lua:0
053.898  000.001  000.001: sourcing nvim_exec2() called at /home/srs/.config/nvim/init.lua:0
053.903  000.002  000.002: sourcing nvim_exec2() called at /home/srs/.config/nvim/init.lua:0
053.907  000.001  000.001: sourcing nvim_exec2() called at /home/srs/.config/nvim/init.lua:0
053.910  000.001  000.001: sourcing nvim_exec2() called at /home/srs/.config/nvim/init.lua:0
053.914  000.002  000.002: sourcing nvim_exec2() called at /home/srs/.config/nvim/init.lua:0
053.917  000.001  000.001: sourcing nvim_exec2() called at /home/srs/.config/nvim/init.lua:0
053.920  000.001  000.001: sourcing nvim_exec2() called at /home/srs/.config/nvim/init.lua:0
053.942  000.019  000.019: sourcing nvim_exec2() called at /home/srs/.config/nvim/init.lua:0
053.948  000.002  000.002: sourcing nvim_exec2() called at /home/srs/.config/nvim/init.lua:0
053.952  000.002  000.002: sourcing nvim_exec2() called at /home/srs/.config/nvim/init.lua:0
053.958  000.002  000.002: sourcing nvim_exec2() called at /home/srs/.config/nvim/init.lua:0
053.962  000.002  000.002: sourcing nvim_exec2() called at /home/srs/.config/nvim/init.lua:0
053.967  000.002  000.002: sourcing nvim_exec2() called at /home/srs/.config/nvim/init.lua:0
053.970  000.001  000.001: sourcing nvim_exec2() called at /home/srs/.config/nvim/init.lua:0
053.980  000.009  000.009: sourcing nvim_exec2() called at /home/srs/.config/nvim/init.lua:0
054.006  000.001  000.001: sourcing nvim_exec2() called at /home/srs/.config/nvim/init.lua:0
054.010  000.002  000.002: sourcing nvim_exec2() called at /home/srs/.config/nvim/init.lua:0
054.014  000.002  000.002: sourcing nvim_exec2() called at /home/srs/.config/nvim/init.lua:0
054.021  000.002  000.002: sourcing nvim_exec2() called at /home/srs/.config/nvim/init.lua:0
054.024  000.001  000.001: sourcing nvim_exec2() called at /home/srs/.config/nvim/init.lua:0
054.028  000.002  000.002: sourcing nvim_exec2() called at /home/srs/.config/nvim/init.lua:0
054.032  000.001  000.001: sourcing nvim_exec2() called at /home/srs/.config/nvim/init.lua:0
054.036  000.002  000.002: sourcing nvim_exec2() called at /home/srs/.config/nvim/init.lua:0
054.039  000.002  000.002: sourcing nvim_exec2() called at /home/srs/.config/nvim/init.lua:0
054.045  000.002  000.002: sourcing nvim_exec2() called at /home/srs/.config/nvim/init.lua:0
054.047  000.001  000.001: sourcing nvim_exec2() called at /home/srs/.config/nvim/init.lua:0
054.052  000.002  000.002: sourcing nvim_exec2() called at /home/srs/.config/nvim/init.lua:0
054.056  000.002  000.002: sourcing nvim_exec2() called at /home/srs/.config/nvim/init.lua:0
054.061  000.001  000.001: sourcing nvim_exec2() called at /home/srs/.config/nvim/init.lua:0
054.067  000.004  000.004: sourcing nvim_exec2() called at /home/srs/.config/nvim/init.lua:0
054.072  000.001  000.001: sourcing nvim_exec2() called at /home/srs/.config/nvim/init.lua:0
054.092  000.018  000.018: sourcing nvim_exec2() called at /home/srs/.config/nvim/init.lua:0
054.096  000.002  000.002: sourcing nvim_exec2() called at /home/srs/.config/nvim/init.lua:0
054.101  000.002  000.002: sourcing nvim_exec2() called at /home/srs/.config/nvim/init.lua:0
054.104  000.001  000.001: sourcing nvim_exec2() called at /home/srs/.config/nvim/init.lua:0
054.106  000.001  000.001: sourcing nvim_exec2() called at /home/srs/.config/nvim/init.lua:0
054.110  000.001  000.001: sourcing nvim_exec2() called at /home/srs/.config/nvim/init.lua:0
054.112  000.001  000.001: sourcing nvim_exec2() called at /home/srs/.config/nvim/init.lua:0
054.115  000.001  000.001: sourcing nvim_exec2() called at /home/srs/.config/nvim/init.lua:0
054.120  000.002  000.002: sourcing nvim_exec2() called at /home/srs/.config/nvim/init.lua:0
054.124  000.001  000.001: sourcing nvim_exec2() called at /home/srs/.config/nvim/init.lua:0
054.127  000.001  000.001: sourcing nvim_exec2() called at /home/srs/.config/nvim/init.lua:0
054.130  000.001  000.001: sourcing nvim_exec2() called at /home/srs/.config/nvim/init.lua:0
054.133  000.001  000.001: sourcing nvim_exec2() called at /home/srs/.config/nvim/init.lua:0
054.136  000.001  000.001: sourcing nvim_exec2() called at /home/srs/.config/nvim/init.lua:0
054.138  000.001  000.001: sourcing nvim_exec2() called at /home/srs/.config/nvim/init.lua:0
054.141  000.001  000.001: sourcing nvim_exec2() called at /home/srs/.config/nvim/init.lua:0
054.152  000.001  000.001: sourcing nvim_exec2() called at /home/srs/.config/nvim/init.lua:0
054.154  000.001  000.001: sourcing nvim_exec2() called at /home/srs/.config/nvim/init.lua:0
054.157  000.001  000.001: sourcing nvim_exec2() called at /home/srs/.config/nvim/init.lua:0
054.162  000.001  000.001: sourcing nvim_exec2() called at /home/srs/.config/nvim/init.lua:0
054.165  000.001  000.001: sourcing nvim_exec2() called at /home/srs/.config/nvim/init.lua:0
054.167  000.001  000.001: sourcing nvim_exec2() called at /home/srs/.config/nvim/init.lua:0
054.169  000.001  000.001: sourcing nvim_exec2() called at /home/srs/.config/nvim/init.lua:0
054.174  000.001  000.001: sourcing nvim_exec2() called at /home/srs/.config/nvim/init.lua:0
054.176  000.001  000.001: sourcing nvim_exec2() called at /home/srs/.config/nvim/init.lua:0
054.179  000.001  000.001: sourcing nvim_exec2() called at /home/srs/.config/nvim/init.lua:0
054.182  000.001  000.001: sourcing nvim_exec2() called at /home/srs/.config/nvim/init.lua:0
054.185  000.001  000.001: sourcing nvim_exec2() called at /home/srs/.config/nvim/init.lua:0
054.189  000.002  000.002: sourcing nvim_exec2() called at /home/srs/.config/nvim/init.lua:0
054.194  000.002  000.002: sourcing nvim_exec2() called at /home/srs/.config/nvim/init.lua:0
054.200  000.003  000.003: sourcing nvim_exec2() called at /home/srs/.config/nvim/init.lua:0
054.203  000.001  000.001: sourcing nvim_exec2() called at /home/srs/.config/nvim/init.lua:0
054.208  000.002  000.002: sourcing nvim_exec2() called at /home/srs/.config/nvim/init.lua:0
054.212  000.002  000.002: sourcing nvim_exec2() called at /home/srs/.config/nvim/init.lua:0
054.215  000.001  000.001: sourcing nvim_exec2() called at /home/srs/.config/nvim/init.lua:0
054.222  000.002  000.002: sourcing nvim_exec2() called at /home/srs/.config/nvim/init.lua:0
054.225  000.002  000.002: sourcing nvim_exec2() called at /home/srs/.config/nvim/init.lua:0
054.229  000.002  000.002: sourcing nvim_exec2() called at /home/srs/.config/nvim/init.lua:0
054.234  000.002  000.002: sourcing nvim_exec2() called at /home/srs/.config/nvim/init.lua:0
054.236  000.001  000.001: sourcing nvim_exec2() called at /home/srs/.config/nvim/init.lua:0
054.242  000.002  000.002: sourcing nvim_exec2() called at /home/srs/.config/nvim/init.lua:0
054.247  000.002  000.002: sourcing nvim_exec2() called at /home/srs/.config/nvim/init.lua:0
054.258  044.511  002.144: sourcing /home/srs/.config/nvim/init.lua
054.270  005.000: sourcing vimrc file(s)
054.675  000.017  000.017: sourcing /home/srs/.local/share/nvim/site/pack/hm/start/direnv.vim/ftdetect/direnv.vim
054.824  000.274  000.257: sourcing nvim_exec2() called at /nix/store/2pdgzyp8jb8qpnhip6jl0a3wr6asv70n-neovim-unwrapped-0.12.5/share/nvim/runtime/filetype.lua:0
054.828  000.374  000.100: sourcing /nix/store/2pdgzyp8jb8qpnhip6jl0a3wr6asv70n-neovim-unwrapped-0.12.5/share/nvim/runtime/filetype.lua
055.589  000.411  000.411: require('blink_cmp_fuzzy')
055.594  000.495  000.084: require('blink.cmp.fuzzy.rust')
055.693  000.701  000.206: sourcing /nix/store/2pdgzyp8jb8qpnhip6jl0a3wr6asv70n-neovim-unwrapped-0.12.5/share/nvim/runtime/syntax/synload.vim
055.857  000.978  000.277: sourcing /nix/store/2pdgzyp8jb8qpnhip6jl0a3wr6asv70n-neovim-unwrapped-0.12.5/share/nvim/runtime/syntax/syntax.vim
059.181  000.142  000.142: sourcing /nix/store/2pdgzyp8jb8qpnhip6jl0a3wr6asv70n-neovim-unwrapped-0.12.5/share/nvim/runtime/plugin/gzip.vim
061.405  000.150  000.150: sourcing /nix/store/2pdgzyp8jb8qpnhip6jl0a3wr6asv70n-neovim-unwrapped-0.12.5/share/nvim/runtime/pack/dist/opt/matchit/plugin/matchit.vim
061.972  002.776  002.626: sourcing /nix/store/2pdgzyp8jb8qpnhip6jl0a3wr6asv70n-neovim-unwrapped-0.12.5/share/nvim/runtime/plugin/matchit.vim
062.099  000.111  000.111: sourcing /nix/store/2pdgzyp8jb8qpnhip6jl0a3wr6asv70n-neovim-unwrapped-0.12.5/share/nvim/runtime/plugin/matchparen.vim
062.124  000.008  000.008: sourcing /nix/store/2pdgzyp8jb8qpnhip6jl0a3wr6asv70n-neovim-unwrapped-0.12.5/share/nvim/runtime/plugin/netrwPlugin.vim
062.205  000.006  000.006: sourcing /nix/store/dh570mlj0y5lac05r0lnaf5rfkyv620y-neovim-0.12.5/rplugin.vim
062.283  000.146  000.140: sourcing /nix/store/2pdgzyp8jb8qpnhip6jl0a3wr6asv70n-neovim-unwrapped-0.12.5/share/nvim/runtime/plugin/rplugin.vim
062.375  000.077  000.077: sourcing /nix/store/2pdgzyp8jb8qpnhip6jl0a3wr6asv70n-neovim-unwrapped-0.12.5/share/nvim/runtime/plugin/tarPlugin.vim
062.404  000.015  000.015: sourcing /nix/store/2pdgzyp8jb8qpnhip6jl0a3wr6asv70n-neovim-unwrapped-0.12.5/share/nvim/runtime/plugin/tutor.vim
062.524  000.107  000.107: sourcing /nix/store/2pdgzyp8jb8qpnhip6jl0a3wr6asv70n-neovim-unwrapped-0.12.5/share/nvim/runtime/plugin/zipPlugin.vim
062.587  000.047  000.047: sourcing /nix/store/2pdgzyp8jb8qpnhip6jl0a3wr6asv70n-neovim-unwrapped-0.12.5/share/nvim/runtime/plugin/editorconfig.lua
062.687  000.074  000.074: sourcing /nix/store/2pdgzyp8jb8qpnhip6jl0a3wr6asv70n-neovim-unwrapped-0.12.5/share/nvim/runtime/plugin/man.lua
062.863  000.158  000.158: sourcing /nix/store/2pdgzyp8jb8qpnhip6jl0a3wr6asv70n-neovim-unwrapped-0.12.5/share/nvim/runtime/plugin/net.lua
062.988  000.107  000.107: sourcing /nix/store/2pdgzyp8jb8qpnhip6jl0a3wr6asv70n-neovim-unwrapped-0.12.5/share/nvim/runtime/plugin/osc52.lua
063.122  000.117  000.117: sourcing /nix/store/2pdgzyp8jb8qpnhip6jl0a3wr6asv70n-neovim-unwrapped-0.12.5/share/nvim/runtime/plugin/shada.lua
063.216  000.035  000.035: sourcing /nix/store/2pdgzyp8jb8qpnhip6jl0a3wr6asv70n-neovim-unwrapped-0.12.5/share/nvim/runtime/plugin/spellfile.lua
063.268  003.725: loading rtp plugins
069.580  000.112  000.112: require('blink.cmp.lib.event_emitter')
069.595  005.898  005.786: require('blink.cmp.sources.lib')
069.634  005.997  000.099: sourcing /nix/store/5lbwl4ms0y3wdy5w0cv9kzwgpf5jc948-packdir-start/pack/hm/start/blink.cmp/plugin/blink-cmp.lua
069.824  000.029  000.029: sourcing /nix/store/5lbwl4ms0y3wdy5w0cv9kzwgpf5jc948-packdir-start/pack/hm/start/conform.nvim/plugin/conform.lua
070.109  000.092  000.092: sourcing /home/srs/.local/share/nvim/site/pack/hm/start/direnv.vim/autoload/direnv.vim
070.163  000.242  000.150: sourcing /nix/store/5lbwl4ms0y3wdy5w0cv9kzwgpf5jc948-packdir-start/pack/hm/start/direnv.vim/plugin/direnv.vim
070.344  000.081  000.081: sourcing /nix/store/5lbwl4ms0y3wdy5w0cv9kzwgpf5jc948-packdir-start/pack/hm/start/gitsigns.nvim/plugin/gitsigns.lua
070.707  000.243  000.243: sourcing /nix/store/5lbwl4ms0y3wdy5w0cv9kzwgpf5jc948-packdir-start/pack/hm/start/neo-tree.nvim/plugin/neo-tree.lua
073.441  000.193  000.193: require('vim.treesitter.language')
073.540  000.092  000.092: require('vim.func')
073.750  000.205  000.205: require('vim.treesitter._range')
073.910  000.148  000.148: require('vim.func._memoize')
073.960  001.452  000.814: require('vim.treesitter.query')
073.987  002.368  000.916: require('vim.treesitter.languagetree')
073.998  002.927  000.559: require('vim.treesitter')
074.184  003.261  000.334: sourcing /nix/store/5lbwl4ms0y3wdy5w0cv9kzwgpf5jc948-packdir-start/pack/hm/start/nvim-treesitter/plugin/filetypes.lua
074.316  000.098  000.098: sourcing /nix/store/5lbwl4ms0y3wdy5w0cv9kzwgpf5jc948-packdir-start/pack/hm/start/nvim-treesitter/plugin/nvim-treesitter.lua
074.378  000.041  000.041: sourcing /nix/store/5lbwl4ms0y3wdy5w0cv9kzwgpf5jc948-packdir-start/pack/hm/start/nvim-treesitter/plugin/query_predicates.lua
074.549  000.039  000.039: sourcing /nix/store/5lbwl4ms0y3wdy5w0cv9kzwgpf5jc948-packdir-start/pack/hm/start/nvim-web-devicons/plugin/nvim-web-devicons.vim
074.646  000.026  000.026: sourcing /nix/store/5lbwl4ms0y3wdy5w0cv9kzwgpf5jc948-packdir-start/pack/hm/start/plenary.nvim/plugin/plenary.vim
074.827  000.110  000.110: sourcing /nix/store/5lbwl4ms0y3wdy5w0cv9kzwgpf5jc948-packdir-start/pack/hm/start/rainbow-delimiters.nvim/plugin/rainbow-delimiters.lua
074.915  000.012  000.012: sourcing /nix/store/5lbwl4ms0y3wdy5w0cv9kzwgpf5jc948-packdir-start/pack/hm/start/snacks.nvim/plugin/snacks.lua
075.272  000.269  000.269: sourcing /nix/store/5lbwl4ms0y3wdy5w0cv9kzwgpf5jc948-packdir-start/pack/hm/start/telescope.nvim/plugin/telescope.lua
075.408  000.048  000.048: sourcing /nix/store/5lbwl4ms0y3wdy5w0cv9kzwgpf5jc948-packdir-start/pack/hm/start/transparent.nvim/plugin/transparent.vim
077.498  003.735: loading packages
077.501  000.003: loading after plugins
077.515  000.013: inits 3
079.168  001.654: reading ShaDa
079.535  000.367: opening buffers
079.843  000.023  000.023: sourcing /home/srs/.local/share/nvim/site/pack/hm/start/direnv.vim/autoload/direnv/extra_vimrc.vim
079.920  000.362: BufEnter autocommands
079.923  000.003: editing files in windows
079.928  000.005: --- NVIM STARTED ---

